transaction_id,customer_id,timestamp,amount,transaction_type,channel,merchant_category,is_salary
3efedeff-79dd-45d6-acbc-37d7694ae8b0,2090,2026-02-14 17:08:11.374356,55253,CREDIT,BANK_TRANSFER,SALARY,1
31f955d3-cbd9-41e8-ae4f-111cf7a1f2c0,2189,2026-02-14 17:08:12.900771,404,DEBIT,ATM,TRAVEL,0
0d89bee1-f058-4801-8cc6-76136deb5c8b,130,2026-02-14 17:08:19.791682,1311,DEBIT,UPI,TRAVEL,0
2649b256-fe00-4580-937d-e9a2723d40b4,3166,2026-02-14 17:08:20.314084,3833,CREDIT,UPI,LOANAPP,0
3c2b9a75-b931-486c-8ba0-9012a30f2153,1740,2026-02-14 17:08:25.670059,1830,CREDIT,AUTODEBIT,UTILITY,0
1a4ba528-b146-44d2-90cb-e095f9711ed8,4927,2026-02-14 17:08:28.787821,899,DEBIT,AUTODEBIT,FOOD,0
9ac2858b-31a6-41f8-93fe-de2960ed9118,2296,2026-02-14 17:08:30.510349,1589,DEBIT,AUTODEBIT,SHOPPING,0
e0e9a130-a63b-4046-acc7-965e4df21873,3796,2026-02-14 17:08:33.023803,1491,DEBIT,AUTODEBIT,SHOPPING,0
0f401448-8b50-4335-9984-b41b5570173c,4290,2026-02-14 17:08:38.594408,14598,DEBIT,AUTODEBIT,EMI,0
b641550c-1a35-4e42-b470-c4c07dc5e817,508,2026-02-14 17:08:39.302271,2879,DEBIT,POS,GROCERY,0
b131a030-3f84-48cc-9182-ace1b3f4f898,1377,2026-02-14 17:08:41.143811,3116,DEBIT,NETBANKING,SHOPPING,0
36e92503-9722-45bd-be4f-930e4410fc0e,1751,2026-02-14 17:08:43.313781,29437,CREDIT,BANK_TRANSFER,SALARY,1
5104289c-df85-4e76-88ae-b4fa96a17158,2872,2026-02-14 17:08:44.869600,236,DEBIT,ATM,TRAVEL,0
c0743790-e89e-43da-ae1a-25f5b4ae4537,883,2026-02-14 17:08:45.564065,2459,CREDIT,POS,FOOD,0
1ac46c6c-a9c0-4ef9-8e1c-751151a6189c,1507,2026-02-14 17:08:46.457436,3589,CREDIT,POS,SHOPPING,0
e15967f2-95a9-44dd-9947-6ff934da6d7c,319,2026-02-14 17:08:51.780126,3389,CREDIT,POS,FOOD,0
ab3e31fa-315d-484a-a65f-c4bcbb861cac,974,2026-02-14 17:08:53.009173,10786,DEBIT,AUTODEBIT,EMI,0
48a38905-6e8c-4805-baa1-dac5b3c8683b,3664,2026-02-14 17:08:53.676799,2955,DEBIT,AUTODEBIT,FOOD,0
788410d6-f96e-4275-b804-5104f873f4f0,281,2026-02-14 17:08:59.352321,290,CREDIT,AUTODEBIT,FOOD,0
865dd74a-3988-4702-b30a-86a337e1da52,2298,2026-02-14 17:09:05.721100,1174,DEBIT,NETBANKING,UTILITY,0
88a2f2e8-6225-4bba-8366-dcc2c00ff3cb,1452,2026-02-14 17:09:06.967026,2413,DEBIT,POS,SHOPPING,0
c56ccce8-b33d-4646-bcf8-dc418e7ab576,4401,2026-02-14 17:09:07.707599,2206,CREDIT,POS,FOOD,0
17d83190-6d61-4f31-acfc-2dcd1dc4f1c8,2845,2026-02-14 17:09:08.493676,3098,CREDIT,UPI,LOANAPP,0
fb023554-4b2e-40f1-bc6b-598f0a30c39f,1114,2026-02-14 17:09:10.038203,1542,DEBIT,ATM,LOANAPP,0
11b6e502-573a-4b6f-836f-ba81cefdd808,1557,2026-02-14 17:09:13.322266,2819,DEBIT,UPI,FOOD,0
49a10a1e-6032-42e7-8f34-65e560f2dc13,1818,2026-02-14 17:09:15.116799,2907,CREDIT,ATM,GROCERY,0
64bf09ba-acb0-43ac-86e7-b71daa8989d7,1913,2026-02-14 17:09:15.887356,631,CREDIT,AUTODEBIT,TRAVEL,0
01a798c9-479c-4924-a621-c058ddf1830c,2089,2026-02-14 17:09:16.653287,3260,CREDIT,NETBANKING,SHOPPING,0
1344bc16-9dbc-456d-a50f-d02aab827fbd,3478,2026-02-14 17:09:17.547990,1259,CREDIT,NETBANKING,UTILITY,0
dd1f6ea3-d5f8-4838-a2ae-8e1f2dc92076,1666,2026-02-14 17:09:24.485986,575,DEBIT,NETBANKING,FOOD,0
e3a21fb0-f9be-4ee1-89c4-26d3af61840b,3824,2026-02-14 17:09:26.741383,5710,DEBIT,AUTODEBIT,EMI,0
7ab65517-3fcf-4635-88d9-0a0dec2150e6,4807,2026-02-14 17:09:29.450525,1189,DEBIT,NETBANKING,TRAVEL,0
df658a76-1b3e-4e25-8e16-716e0b48a69f,1288,2026-02-14 17:09:31.344553,3973,CREDIT,ATM,TRAVEL,0
6bfa49c4-032c-4718-b129-fc245fea7c99,2888,2026-02-14 17:09:34.302352,221,CREDIT,NETBANKING,FOOD,0
988239ac-c466-4f39-808b-bd0080316138,4048,2026-02-14 17:09:37.903158,1374,CREDIT,AUTODEBIT,FOOD,0
c5dd658f-e416-4e30-a5d8-27a07c935efa,3492,2026-02-14 17:09:38.902490,1741,DEBIT,NETBANKING,TRAVEL,0
c0b2ca1f-d808-4c50-a3c9-68c684ff0bae,2498,2026-02-14 17:09:40.091234,1484,CREDIT,NETBANKING,LOANAPP,0
60d23f87-3fff-46d9-8cae-156a5d7abc47,943,2026-02-14 17:09:42.066049,1272,CREDIT,AUTODEBIT,TRAVEL,0
f2c636cd-a6eb-4e95-b2d4-58e7d39c1de3,4402,2026-02-14 17:09:46.327969,3394,DEBIT,POS,UTILITY,0
52c20e02-ba83-4a72-81b3-c113793a1325,471,2026-02-14 17:09:50.423744,22228,DEBIT,AUTODEBIT,EMI,0
98f4f066-1a7b-4818-aaf8-f26cd2fb3369,3271,2026-02-14 17:09:53.954884,2246,DEBIT,NETBANKING,FOOD,0
d737f63c-41d2-4d5f-b089-dadc19658f6e,4970,2026-02-14 17:09:56.009713,12231,DEBIT,AUTODEBIT,EMI,0
384d9962-9d26-45f2-acef-e25940347f11,3989,2026-02-14 17:09:58.055045,3217,CREDIT,POS,SHOPPING,0
d2e89f26-d1c3-4222-88cd-7120f1429a3b,2266,2026-02-14 17:10:00.179960,1241,DEBIT,UPI,SHOPPING,0
c2163787-3efe-4c53-8223-7869bd190e7a,844,2026-02-14 17:10:01.371194,3484,CREDIT,UPI,LOANAPP,0
274d2172-ae1e-44f1-bdea-a9ac121e0510,4700,2026-02-14 17:10:06.847934,409,CREDIT,NETBANKING,TRAVEL,0
f8c5998a-9cc9-4db9-be21-962cf711673c,4464,2026-02-14 17:10:10.733794,2904,DEBIT,AUTODEBIT,GROCERY,0
b409133b-ad71-4288-8329-d4e30a6a217a,4733,2026-02-14 17:10:12.194184,2025,CREDIT,AUTODEBIT,FOOD,0
fc7833ba-253b-415b-a92a-047344026427,1147,2026-02-14 17:10:19.142552,3592,CREDIT,NETBANKING,LOANAPP,0
0ccd614e-7f1f-4f13-b691-7470ba6c9e6e,4045,2026-02-14 17:10:19.953754,2147,DEBIT,ATM,SHOPPING,0
a3fe4531-4a43-41c9-a620-0b02ce917305,1618,2026-02-14 17:10:22.740338,3501,CREDIT,ATM,FOOD,0
7766c8e9-289d-4c92-9042-b5b9d61cdc4b,85,2026-02-14 17:10:32.904475,2986,CREDIT,POS,LOANAPP,0
89947fc2-c366-4d10-b2ce-e82cafe6fe68,4363,2026-02-14 17:10:35.922340,1570,CREDIT,POS,LOANAPP,0
58e028ee-66dd-4ec7-b2e6-c3ad47318d05,1277,2026-02-14 17:10:40.082004,3909,CREDIT,ATM,FOOD,0
6efd524f-5d86-4681-a60e-1e04e93da5cf,4624,2026-02-14 17:10:43.082699,1409,CREDIT,AUTODEBIT,TRAVEL,0
6c1059b5-97bd-4722-a9b0-8e0d58dce02e,3606,2026-02-14 17:08:13.616751,1066,DEBIT,POS,FOOD,0
79a5d32a-21fa-4e1a-8061-151adaf922f4,2577,2026-02-14 17:08:15.192967,2762,CREDIT,UPI,SHOPPING,0
407999f0-37ae-46ce-a27f-72a47e1863db,4282,2026-02-14 17:08:18.206146,2413,CREDIT,AUTODEBIT,UTILITY,0
9d25b46c-8b1e-4486-892b-a4bac7037b91,3814,2026-02-14 17:08:27.683190,11432,DEBIT,AUTODEBIT,EMI,0
e8e7d551-ec5a-48c6-9a0f-03bad1b057b7,654,2026-02-14 17:08:37.376238,3556,DEBIT,AUTODEBIT,LOANAPP,0
31b62f60-e9f7-486f-b654-d3244285f6c6,4128,2026-02-14 17:08:42.592928,2435,CREDIT,UPI,GROCERY,0
82c99ff5-1ec6-4ea5-aa21-3940ccc0071f,262,2026-02-14 17:08:47.084929,1428,DEBIT,AUTODEBIT,FOOD,0
bc4ece99-7dd3-433f-b832-00efa001320d,3039,2026-02-14 17:08:48.707372,839,CREDIT,NETBANKING,GROCERY,0
31c65e62-55c5-4a90-ad0a-655b8a413b30,1661,2026-02-14 17:08:49.860157,2735,DEBIT,POS,FOOD,0
0cefb12a-6818-4ef3-9fa8-377e5cc7f4c5,913,2026-02-14 17:08:54.895726,2503,DEBIT,AUTODEBIT,SHOPPING,0
4f0c1500-e5dc-4f69-9e98-2e8a97883c3e,3933,2026-02-14 17:08:56.285765,1657,CREDIT,POS,UTILITY,0
cb0f86ce-0695-4010-ba57-917ed1a71705,3338,2026-02-14 17:08:57.656924,3384,CREDIT,POS,GROCERY,0
63aae7e2-c05a-44e8-9686-135eeee948b1,1171,2026-02-14 17:09:01.284299,2389,CREDIT,AUTODEBIT,UTILITY,0
9246fc78-2f9d-4aa1-9cb5-50944874db89,1882,2026-02-14 17:09:10.812668,2644,DEBIT,UPI,UTILITY,0
22855382-6224-43db-97c4-cd37562cdac3,1469,2026-02-14 17:09:21.666467,1139,CREDIT,POS,UTILITY,0
c088c7f8-9a66-4e3a-87f8-bdbd970b793d,2643,2026-02-14 17:09:22.568949,2892,CREDIT,NETBANKING,FOOD,0
4642df37-8380-44de-acd5-56d89bcb83db,4468,2026-02-14 17:09:25.974927,3984,CREDIT,UPI,LOANAPP,0
a3e4a4d9-c7c0-48d7-a200-c3ff2eb38656,2984,2026-02-14 17:09:35.974037,1216,CREDIT,AUTODEBIT,UTILITY,0
bc748bc2-c16a-488a-a7e9-d264033a9dfa,323,2026-02-14 17:09:45.003303,3955,CREDIT,UPI,GROCERY,0
cf1cf648-80b6-4d34-82f9-01d916cbeb2f,3490,2026-02-14 17:09:48.085992,2260,CREDIT,ATM,GROCERY,0
f06fceea-d204-4bd6-b796-26f874a5fff1,1104,2026-02-14 17:09:52.359676,3529,CREDIT,AUTODEBIT,UTILITY,0
69a406ba-4fcf-4ba7-8182-a875336f0623,2697,2026-02-14 17:09:54.890042,1288,CREDIT,NETBANKING,SHOPPING,0
a1132da3-2ec2-42e2-97b6-086cd087c437,4066,2026-02-14 17:09:58.820270,357,DEBIT,AUTODEBIT,SHOPPING,0
7b388c58-2c71-42c1-a4a4-051511b7b44b,505,2026-02-14 17:09:59.392888,509,CREDIT,POS,LOANAPP,0
a0a22f3a-7d52-436d-8f91-7315b802f750,742,2026-02-14 17:10:01.917716,2456,CREDIT,POS,GROCERY,0
96a8df87-6fc0-453b-b7b5-7fe4bba6c680,1,2026-02-14 17:10:03.660174,2803,DEBIT,AUTODEBIT,TRAVEL,0
10be5184-7001-4068-9b9b-d306f016bad1,1747,2026-02-14 17:10:04.703466,2802,CREDIT,POS,SHOPPING,0
eb5410f4-5ac3-423b-8357-ee6b402cd2bf,1542,2026-02-14 17:10:11.435278,1809,CREDIT,AUTODEBIT,LOANAPP,0
7a1baf99-e4f6-4b08-a971-9f757bdf36d9,4496,2026-02-14 17:10:13.262727,352,CREDIT,ATM,GROCERY,0
0678f15a-3df1-4c4a-834d-38d586e98a7d,990,2026-02-14 17:10:14.870137,21552,DEBIT,AUTODEBIT,EMI,0
54778c17-afbb-4223-b083-4bd9fb5a14e3,1234,2026-02-14 17:10:18.065617,98286,CREDIT,BANK_TRANSFER,SALARY,1
32936563-0613-4539-a6e3-9fd424dd276c,1378,2026-02-14 17:10:21.785465,20362,CREDIT,BANK_TRANSFER,SALARY,1
c8f15cde-3ea0-4c93-a0b0-25821b8dc314,763,2026-02-14 17:10:23.273657,2151,DEBIT,UPI,FOOD,0
2b3e955b-c933-4d48-b3e9-540f1ba67fb9,4114,2026-02-14 17:10:24.561815,2114,CREDIT,POS,TRAVEL,0
c29475ac-05ef-4e88-82e7-2e7699730c49,3228,2026-02-14 17:10:26.429686,1137,DEBIT,UPI,LOANAPP,0
e2c1008c-84c9-435e-94a3-d124fc4bb432,3163,2026-02-14 17:10:27.246973,1318,CREDIT,UPI,UTILITY,0
5837e9ff-af01-492c-9886-5eb6407266be,3455,2026-02-14 17:10:30.420398,3968,CREDIT,ATM,SHOPPING,0
122d1952-2fba-493d-b52f-2aac479779d7,4870,2026-02-14 17:10:30.941087,856,DEBIT,AUTODEBIT,FOOD,0
edb1f4ad-cd1a-4aa5-bde6-c62837d95187,1593,2026-02-14 17:10:34.642103,29511,CREDIT,BANK_TRANSFER,SALARY,1
119f6755-5b16-4db8-8561-7d4e258b2dc8,2255,2026-02-14 17:10:37.388282,2741,CREDIT,UPI,TRAVEL,0
3e6f2abe-9047-43b2-be48-dbfd5e384373,3617,2026-02-14 17:10:41.638457,1228,CREDIT,POS,TRAVEL,0
4d755602-b4e5-4f0c-a2e1-0f26c85d720a,1805,2026-02-14 17:10:44.842556,3740,DEBIT,AUTODEBIT,SHOPPING,0
a5c9d03c-7453-4719-b41a-858eec45896d,3054,2026-02-14 17:10:48.196931,16227,DEBIT,AUTODEBIT,EMI,0
ddd470ce-92d7-4895-9edf-04f77222323c,4562,2026-02-14 17:08:12.056254,2101,DEBIT,ATM,LOANAPP,0
d7dec719-d4ea-4547-b28e-da7cef7501f2,2402,2026-02-14 17:08:16.262971,208,CREDIT,POS,TRAVEL,0
2f83a9c3-8e70-4ff3-8319-e7e730acdcc2,4455,2026-02-14 17:08:21.914848,3511,DEBIT,UPI,TRAVEL,0
0356e8f9-39f9-4883-bd4a-6e55cab01823,2529,2026-02-14 17:08:23.054561,1779,DEBIT,AUTODEBIT,TRAVEL,0
43299d50-6fd4-42c8-93f1-4475a46dc7f2,1381,2026-02-14 17:08:25.044903,1487,CREDIT,NETBANKING,FOOD,0
567daaa6-e786-4229-9d6c-496aa8f7eb45,4230,2026-02-14 17:08:26.708494,832,CREDIT,POS,GROCERY,0
cdebd8b8-9cac-41b6-a0a1-9a0f285cd7fb,844,2026-02-14 17:08:31.811498,1964,CREDIT,POS,TRAVEL,0
0b6c5f61-4520-43a5-8d8c-ec1889c9a7f7,2041,2026-02-14 17:08:34.120489,1380,DEBIT,ATM,GROCERY,0
6d042e9a-e55c-4201-870d-ff4ac5acf804,1984,2026-02-14 17:08:36.106684,41461,CREDIT,BANK_TRANSFER,SALARY,1
85e4a97b-0820-462f-b0c6-4fa2ca4379be,50,2026-02-14 17:08:37.965392,3830,CREDIT,AUTODEBIT,UTILITY,0
dd01b1b8-8a5c-4d71-a748-addcf72888fb,1687,2026-02-14 17:09:03.267334,3481,DEBIT,AUTODEBIT,GROCERY,0
9a1af973-06d0-4c8b-af55-6030ad8731da,1830,2026-02-14 17:09:05.049789,227,DEBIT,NETBANKING,TRAVEL,0
3861ce78-784d-4a92-aeef-44eb5338fd99,1371,2026-02-14 17:09:11.670391,1502,CREDIT,NETBANKING,FOOD,0
095b961a-5563-4349-a2b4-f36b84e9f773,265,2026-02-14 17:09:18.748051,1652,DEBIT,AUTODEBIT,TRAVEL,0
7d38058e-258e-4a83-8bc5-c264e3cb0b6f,4194,2026-02-14 17:09:20.130556,1284,DEBIT,AUTODEBIT,FOOD,0
9c15f4ad-49ab-428c-962d-8a22dff5c302,371,2026-02-14 17:09:28.409566,774,CREDIT,UPI,UTILITY,0
4c7aadd9-b65b-4b8f-adbb-d6781445cecb,101,2026-02-14 17:09:33.005565,53758,CREDIT,BANK_TRANSFER,SALARY,1
a5cf79b4-ddf7-4764-add1-07007e16fbc0,707,2026-02-14 17:09:43.184746,1187,CREDIT,NETBANKING,UTILITY,0
03d6f6d4-4f13-44ec-be6f-46c4d71fcaa5,2748,2026-02-14 17:09:48.621750,2875,CREDIT,AUTODEBIT,GROCERY,0
b179b404-d7f0-4323-a4b2-b5570b708b0e,2525,2026-02-14 17:09:51.260459,3424,DEBIT,POS,SHOPPING,0
25cb799d-8bef-48a3-bae7-16ef0341d00d,155,2026-02-14 17:09:57.160399,3351,CREDIT,UPI,TRAVEL,0
37e4e10c-3507-4a43-b81e-b13bd0e78b59,1423,2026-02-14 17:10:05.525599,958,CREDIT,NETBANKING,UTILITY,0
eba46b5d-5a56-4dd5-a2fb-b7cfc769bf9b,2941,2026-02-14 17:10:07.482579,3259,CREDIT,NETBANKING,TRAVEL,0
72f97a74-bf5a-4f67-b69f-24f66c4d48f8,453,2026-02-14 17:10:08.747191,2358,DEBIT,POS,SHOPPING,0
0a9282ef-b162-4630-bf47-f501006ed996,2732,2026-02-14 17:10:16.619979,2764,CREDIT,ATM,SHOPPING,0
82e73265-42b5-462f-8faf-90e3fd1879f4,957,2026-02-14 17:10:17.178777,1023,DEBIT,NETBANKING,SHOPPING,0
3050bee3-0a32-4912-978d-a01021ef70dc,3748,2026-02-14 17:10:20.642760,1824,DEBIT,UPI,FOOD,0
c0aaa6c5-61c3-482c-866a-d9f1de49a4ca,2471,2026-02-14 17:10:27.776152,968,DEBIT,POS,TRAVEL,0
c9bdcad9-0c61-41b3-a004-953bb3249665,4930,2026-02-14 17:10:29.455147,3717,DEBIT,AUTODEBIT,GROCERY,0
db3a524e-0346-4744-8be3-47e0bd6eff59,2563,2026-02-14 17:10:38.085820,3576,CREDIT,ATM,FOOD,0
c0cb9712-cbaf-46b9-9c65-d69eb6efae7a,3831,2026-02-14 17:10:40.722094,3067,CREDIT,POS,FOOD,0
8f10be7b-fd9c-4065-b626-1a035b061e7f,4970,2026-02-14 17:10:43.623903,12231,DEBIT,AUTODEBIT,EMI,0
8d04b574-61ea-4817-a889-510dc79b585c,1724,2026-02-14 17:10:46.313650,3989,CREDIT,AUTODEBIT,LOANAPP,0
a6e036a7-d2d3-4b7c-ac19-4450554fe172,2693,2026-02-14 17:10:49.171826,683,DEBIT,AUTODEBIT,UTILITY,0
481d4dd0-785d-4fef-88fe-d33cb768c0d0,2287,2026-02-14 17:10:50.083201,3316,CREDIT,AUTODEBIT,SHOPPING,0
3a666e50-eaa1-4356-8445-d90b3165dfe0,4923,2026-02-14 17:10:51.128439,640,DEBIT,ATM,UTILITY,0
698dc9a4-3fa4-4aa9-a3ce-7eb5c68a1a7b,290,2026-02-14 17:10:52.466054,3478,CREDIT,AUTODEBIT,SHOPPING,0
08dd6888-90aa-499f-b7e4-e70143bbb6b0,3280,2026-02-14 17:10:53.453780,663,CREDIT,ATM,LOANAPP,0
ffacf572-87c7-4d23-98ad-cde9ddfd0129,203,2026-02-14 17:10:54.261186,1868,CREDIT,AUTODEBIT,TRAVEL,0
a6e44e50-2c4f-4a23-b7c6-0a07543071d4,1124,2026-02-14 17:10:55.748153,2844,DEBIT,UPI,FOOD,0
b0dd1916-c336-4965-b1b5-da0e82e8487a,1967,2026-02-14 17:10:57.543911,3996,DEBIT,ATM,GROCERY,0
74768a7b-f34e-47ef-88a6-fdd5d77a3a35,3101,2026-02-14 17:10:58.623682,1789,DEBIT,AUTODEBIT,TRAVEL,0
4c22f2c1-a3c6-4a81-8162-3cb3280a0919,4172,2026-02-14 17:11:00.126778,2515,DEBIT,UPI,LOANAPP,0
81bf6006-4eed-422e-b296-b898877764c4,321,2026-02-14 17:11:01.451254,3949,DEBIT,UPI,GROCERY,0
fadf54e9-c20c-4335-8310-883d344aebe5,2767,2026-02-14 17:11:03.402793,1804,CREDIT,ATM,LOANAPP,0
824d7a54-8bc7-444b-9d50-d18bd8acc1b3,4272,2026-02-14 17:11:04.530850,1799,DEBIT,POS,GROCERY,0
fb70594b-8f5b-4180-b65b-d7bef3ff64eb,3747,2026-02-14 17:11:05.087541,2214,DEBIT,UPI,UTILITY,0
6c837e8b-667c-46c2-b672-f6bae57c427c,3168,2026-02-14 17:11:06.886309,3540,CREDIT,UPI,TRAVEL,0
6e385e9c-9092-4a3e-afec-9daca5aef678,271,2026-02-14 17:11:08.778839,1675,DEBIT,UPI,LOANAPP,0
d221b44b-b4e3-4395-92c1-16710ce9b3b6,3250,2026-02-14 17:11:10.501822,2543,CREDIT,NETBANKING,FOOD,0
26805929-c4f2-468e-b025-f088861cad48,4848,2026-02-14 17:11:12.044276,3188,DEBIT,NETBANKING,TRAVEL,0
ef718483-4ba2-4fd4-be33-fdf3b1ff2069,741,2026-02-14 17:11:14.039616,745,DEBIT,ATM,FOOD,0
9fc37939-edda-4fe0-a932-297e935c762e,816,2026-02-14 17:11:15.577054,1907,DEBIT,POS,GROCERY,0
b51eaf53-b1ed-4a94-a76b-c9c000ccb233,205,2026-02-14 17:11:16.333421,1791,DEBIT,ATM,LOANAPP,0
11fa8a96-0a6c-4aa1-9139-aa9d935671b9,2855,2026-02-14 17:11:17.215521,3239,DEBIT,ATM,TRAVEL,0
bf67e723-76bf-427b-995e-cccf358015b9,3667,2026-02-14 17:11:18.235930,810,CREDIT,NETBANKING,GROCERY,0
4d7fd1b6-527c-43c0-842b-fc4933b3b828,819,2026-02-14 17:11:20.027788,983,DEBIT,NETBANKING,LOANAPP,0
ac0f4912-d587-4ab7-a2c5-f24f4b36381f,4990,2026-02-14 17:11:21.527075,942,DEBIT,ATM,FOOD,0
1f7115a8-3c51-4cc4-a185-4c25e641c7c5,4727,2026-02-14 17:11:23.155602,2732,CREDIT,ATM,GROCERY,0
7194cd7f-5e12-4ccf-b317-40e08109a982,4316,2026-02-14 17:11:24.790296,2065,CREDIT,AUTODEBIT,UTILITY,0
e62cbf4a-a8b7-4f7f-81f7-0a0d77898163,3799,2026-02-14 17:11:26.385049,3183,CREDIT,AUTODEBIT,GROCERY,0
33bb05b0-78ae-4378-b8a5-94675b385327,3659,2026-02-14 17:11:28.106410,2339,CREDIT,AUTODEBIT,LOANAPP,0
6b245162-4657-4528-ba76-af648b409e90,320,2026-02-14 17:11:28.936080,38615,CREDIT,BANK_TRANSFER,SALARY,1
a9015409-a951-43a9-945b-d9a5ef113292,2042,2026-02-14 17:11:29.449933,904,DEBIT,POS,TRAVEL,0
0cba992a-ce80-473a-8267-145e474c6b7e,4037,2026-02-14 17:11:30.298830,3112,DEBIT,ATM,SHOPPING,0
49bfe815-0dd4-4a40-8976-7d42a7b5e761,5000,2026-02-14 17:11:30.913598,1702,CREDIT,AUTODEBIT,UTILITY,0
769343cb-b8f0-4560-9897-05f2698bf926,1408,2026-02-14 17:11:32.893384,701,CREDIT,UPI,FOOD,0
093d8320-953d-4010-adef-9578c3d8f003,3073,2026-02-14 17:11:33.662691,2131,CREDIT,UPI,LOANAPP,0
9ca10deb-29e6-4aa1-a325-90e7d24c475a,31,2026-02-14 17:11:34.644273,2854,DEBIT,NETBANKING,LOANAPP,0
7a97873d-9933-4ae3-80ca-a79e42e7485a,2730,2026-02-14 17:11:35.301350,158,CREDIT,NETBANKING,LOANAPP,0
df2b742a-2241-4532-9d8b-0b7679fafe3f,4345,2026-02-14 17:11:36.223996,1481,CREDIT,ATM,LOANAPP,0
80443a59-6a03-491c-91ae-967c9ec8ef6c,66,2026-02-14 17:11:38.158463,2247,DEBIT,NETBANKING,UTILITY,0
6ec039aa-f3fd-4158-aa51-16d1d235c2b0,4302,2026-02-14 17:11:39.182104,1360,DEBIT,NETBANKING,FOOD,0
49b7d1d9-e253-4326-a3ba-74330a49fc23,3580,2026-02-14 17:11:40.758602,481,CREDIT,NETBANKING,TRAVEL,0
d5c8816f-fd28-4aa1-9683-f8cac5a301f0,154,2026-02-14 17:11:42.593161,759,DEBIT,UPI,UTILITY,0
eb22e3f4-339f-433d-b77a-213c1c306201,2708,2026-02-14 17:11:43.844194,1974,CREDIT,ATM,LOANAPP,0
4e6eac9c-1633-4450-8c1d-cd30e4204cd1,424,2026-02-14 17:11:45.812900,930,CREDIT,UPI,SHOPPING,0
e86c7b1d-f921-4c6c-9b0c-304061ea92ae,3850,2026-02-14 17:11:46.352594,2153,DEBIT,NETBANKING,TRAVEL,0
e44289ac-6f57-4a39-85d3-f0bcc5edc267,3609,2026-02-14 17:11:47.953725,1234,DEBIT,ATM,FOOD,0
e271f021-9e55-4586-95f7-5d5c2fc2d4fa,1386,2026-02-14 17:11:48.649889,1746,CREDIT,UPI,TRAVEL,0
774101ab-4707-4672-a7e0-9c1f5869da4c,4762,2026-02-14 17:11:50.607029,3438,DEBIT,ATM,SHOPPING,0
e23dd33c-fdae-4427-9071-06706f4d1376,3687,2026-02-14 17:11:51.721829,740,DEBIT,POS,TRAVEL,0
6234c83e-e170-4a8d-9c03-709e644602a2,4410,2026-02-14 17:11:52.937045,3738,CREDIT,NETBANKING,FOOD,0
528c5fe4-2eeb-42ed-84e3-faf5d9b14ea2,2295,2026-02-14 17:11:54.907495,3624,CREDIT,ATM,LOANAPP,0
8dd85fba-b4b2-4d86-9fd7-1896dd74b82a,530,2026-02-14 17:11:55.745951,2024,CREDIT,POS,UTILITY,0
a4ed62b4-bfaf-4e07-b605-3c5210a6d0a0,2772,2026-02-14 17:11:57.497457,2357,DEBIT,UPI,LOANAPP,0
310aa818-482a-41d2-94a6-f66943fd505d,287,2026-02-14 17:11:58.956985,2197,CREDIT,UPI,GROCERY,0
cd789497-f3f9-4e6e-8d9a-8da4d43a1169,1443,2026-02-14 17:12:00.550871,2319,DEBIT,AUTODEBIT,GROCERY,0
d77cb474-9359-42cd-968d-4283d2758430,1192,2026-02-14 17:12:01.901789,12602,DEBIT,AUTODEBIT,EMI,0
875c79b0-ab41-48b4-918f-efe48ea5bf8c,1211,2026-02-14 17:12:02.675583,2826,DEBIT,UPI,SHOPPING,0
a9edf6e8-4607-4edb-885f-e673ff75a273,121,2026-02-14 17:12:03.862040,2344,DEBIT,AUTODEBIT,SHOPPING,0
164723c4-913a-4650-b29d-2aef2cfdd170,2120,2026-02-14 17:12:04.849282,3118,CREDIT,UPI,FOOD,0
e747ef27-8776-428f-8820-3eed09dbc3f1,1239,2026-02-14 17:12:06.325011,1466,DEBIT,ATM,FOOD,0
fbf07fcf-9885-453c-af27-99c7c19c253d,80,2026-02-14 17:12:07.635592,3284,CREDIT,POS,FOOD,0
86139b28-483f-4c66-b612-f52b8902ee87,1849,2026-02-14 17:12:09.575185,11156,DEBIT,AUTODEBIT,EMI,0
25c31446-6267-4f48-b5f6-ee953fd30c35,2038,2026-02-14 17:12:10.961745,32708,DEBIT,AUTODEBIT,EMI,0
ccb2935a-9a02-42c8-bc53-3de2ea16a5ac,405,2026-02-14 17:12:11.770690,1451,DEBIT,POS,GROCERY,0
0b570401-277c-42f1-a161-fc6ae7547083,2432,2026-02-14 17:12:13.215044,589,CREDIT,UPI,LOANAPP,0
f23ee6d1-aac4-4225-8222-2423e2afa995,2583,2026-02-14 17:12:13.885751,3939,CREDIT,AUTODEBIT,GROCERY,0
2a40ac18-7bda-45f2-8e3e-6600d4c43f65,4203,2026-02-14 17:12:14.880718,3184,CREDIT,NETBANKING,SHOPPING,0
0ff0b1df-c8b4-4871-932f-7664eacc3040,3853,2026-02-14 17:12:15.718991,1116,CREDIT,ATM,FOOD,0
b2145848-60da-459b-8fac-5e4b84896d69,4950,2026-02-14 17:12:17.540312,3703,DEBIT,POS,LOANAPP,0
c7ef2d42-e9e1-4bd8-94a6-da6aeb67b976,4136,2026-02-14 17:12:18.577400,1033,CREDIT,NETBANKING,FOOD,0
69d91221-8b36-4873-a5aa-c32cea99570a,4868,2026-02-14 17:12:19.921870,2020,DEBIT,NETBANKING,UTILITY,0
cbc74fb7-f26b-4b28-9057-7305c163df01,219,2026-02-14 17:12:21.124595,986,DEBIT,POS,GROCERY,0
450270cc-0d0a-40aa-b512-e92a18e69797,933,2026-02-14 17:12:22.632253,3730,CREDIT,AUTODEBIT,GROCERY,0
aeb673e1-1c17-470c-9b90-25d4e0d661b7,365,2026-02-14 17:12:23.276015,2350,CREDIT,POS,TRAVEL,0
a90c273e-7639-4933-a245-c60090432f0d,1391,2026-02-14 17:12:24.325280,10001,DEBIT,AUTODEBIT,EMI,0
8e75c97f-03e6-42df-9e0b-7df789da23a1,123,2026-02-14 17:12:24.867083,652,DEBIT,AUTODEBIT,SHOPPING,0
f35cc500-1f66-452e-a95a-2499fb6bf445,2692,2026-02-14 17:12:25.717935,34367,CREDIT,BANK_TRANSFER,SALARY,1
5ab03a73-a416-4fe3-bfb1-89ff50e9e734,336,2026-02-14 17:12:27.296684,2516,CREDIT,POS,UTILITY,0
73c31758-3000-4fe2-9b1e-02bd7dd34bf5,1376,2026-02-14 17:12:28.437875,3055,CREDIT,NETBANKING,TRAVEL,0
a5681739-2b26-4663-b78c-bbdf0f4861a2,799,2026-02-14 17:12:29.892318,721,DEBIT,POS,TRAVEL,0
846ad0ac-029e-4fed-83d2-262a610641f6,563,2026-02-14 17:12:30.691399,2261,DEBIT,ATM,TRAVEL,0
c29ec735-8f94-4f9b-ada2-93f6f7dce36a,93,2026-02-14 17:12:31.900901,1687,DEBIT,NETBANKING,FOOD,0
6bb271c1-7cd7-4021-bba9-498341ed447c,4532,2026-02-14 17:12:32.481922,3926,CREDIT,UPI,LOANAPP,0
ca64c8ee-d09c-406c-b9d1-995fd629f905,762,2026-02-14 17:12:33.935782,3813,CREDIT,AUTODEBIT,GROCERY,0
b6d7bcde-9bb3-4a09-a76e-20180fe69a21,258,2026-02-14 17:12:34.804010,1812,CREDIT,UPI,TRAVEL,0
3f150951-3397-4049-ad19-e13648f80363,716,2026-02-14 17:12:35.585903,3908,DEBIT,NETBANKING,FOOD,0
dfe7bd86-1fd6-42cd-8afa-f99c5d2f5104,4188,2026-02-14 17:12:36.791134,3125,DEBIT,AUTODEBIT,LOANAPP,0
407c5844-3b5c-4732-a1f0-050f17c9d390,4654,2026-02-14 17:12:37.455960,2914,CREDIT,POS,UTILITY,0
33c60e0a-9c2f-4992-920b-64a220e46e23,604,2026-02-14 17:12:38.141558,1588,CREDIT,POS,LOANAPP,0
ff16bfe7-5102-4767-924f-3d8c83d32a7f,528,2026-02-14 17:12:38.925248,1708,DEBIT,UPI,SHOPPING,0
4c2b97db-b46a-4462-a4bd-9e867564373b,3412,2026-02-14 17:12:39.922643,2255,DEBIT,ATM,FOOD,0
66e4f248-aac3-457c-91a4-be7a3a52fed5,283,2026-02-14 17:12:41.332644,2789,DEBIT,NETBANKING,GROCERY,0
ed60d9c6-7617-4712-951c-52b62cc852ab,2604,2026-02-14 17:12:42.785689,7282,DEBIT,AUTODEBIT,EMI,0
89ff2fa4-394f-49db-a52f-05feedadb4b8,3944,2026-02-14 17:12:44.618089,3468,CREDIT,ATM,FOOD,0
31fbc486-25d1-4452-82c8-920088bb7d62,4242,2026-02-14 17:12:45.676523,2988,CREDIT,ATM,UTILITY,0
5cec700e-7a86-4295-911a-b449d2aa591f,4980,2026-02-14 17:12:47.385045,3774,CREDIT,NETBANKING,TRAVEL,0
22dd1283-d57f-469c-a428-804d2d37575b,1877,2026-02-14 17:12:48.363518,118803,CREDIT,BANK_TRANSFER,SALARY,1
1596a3d6-aba5-430d-8b6f-ec7a34e2b7cc,4753,2026-02-14 17:12:49.743154,778,DEBIT,ATM,LOANAPP,0
869d9279-6441-41e7-977f-1c78d9647009,4322,2026-02-14 17:12:50.858823,2587,CREDIT,UPI,GROCERY,0
1d7af24c-4dca-48a8-a003-52fb6c564af1,3168,2026-02-14 17:12:52.454318,1646,CREDIT,UPI,GROCERY,0
3210745e-ae82-4c99-beb7-3c2684bc0cf8,951,2026-02-14 17:12:53.807912,496,DEBIT,UPI,FOOD,0
a60fa8e7-69bb-486f-92c4-4459c421d6f8,4087,2026-02-14 17:12:55.214438,10250,DEBIT,AUTODEBIT,EMI,0
7b85bf9e-6c09-48ee-af7e-21a701b4f583,1547,2026-02-14 17:12:55.863233,803,DEBIT,UPI,TRAVEL,0
0c182a70-7679-41b3-ad7f-b2ecb85c2600,1688,2026-02-14 17:12:57.188765,734,DEBIT,ATM,UTILITY,0
ad8c33e3-3193-48b2-8b1d-ce92bf47f8cb,922,2026-02-14 17:12:57.718298,3549,CREDIT,UPI,UTILITY,0
df412f01-b509-4680-a8e3-4b1f82255a2b,615,2026-02-14 17:12:59.105469,2234,CREDIT,UPI,UTILITY,0
712708b2-e62a-46d4-9d29-1611ecaef115,950,2026-02-14 17:13:00.085193,85938,CREDIT,BANK_TRANSFER,SALARY,1
9b26d5ac-04a7-458e-85b3-7911cb958862,1107,2026-02-14 17:13:01.317990,1517,DEBIT,NETBANKING,FOOD,0
f684c14f-cfdf-4283-8806-19b7744121c5,4000,2026-02-14 17:13:01.828822,655,CREDIT,ATM,TRAVEL,0
a66fcefe-5b6e-49aa-bbc6-5e31b3b18494,3781,2026-02-14 17:13:02.907302,1627,DEBIT,NETBANKING,LOANAPP,0
a584f08d-d018-47a4-8c6d-155e882b757b,1572,2026-02-14 17:13:03.686716,1820,CREDIT,ATM,SHOPPING,0
d34f55ed-6310-443e-8b46-90682a740f96,3785,2026-02-14 17:13:04.864465,2272,CREDIT,NETBANKING,GROCERY,0
e5f4cead-022a-48a3-a96e-25ee9947a726,4945,2026-02-14 17:13:06.301502,2055,CREDIT,UPI,UTILITY,0
4afc528f-38a0-43c8-a9f3-d2f89ca529e7,4955,2026-02-14 17:13:07.565123,2845,DEBIT,UPI,TRAVEL,0
33d53b5b-6926-45db-bbe9-11569063b905,2813,2026-02-14 17:13:09.007645,1897,DEBIT,ATM,LOANAPP,0
43a29d1b-20da-496a-8992-bf6f5d69ad2a,836,2026-02-14 17:13:10.355535,3947,CREDIT,UPI,SHOPPING,0
d89d805e-f630-4f2c-a2ec-744c3b657e31,1016,2026-02-14 17:13:11.735700,2722,CREDIT,ATM,SHOPPING,0
91d36f03-955f-4671-8428-b96a3af5cb0a,883,2026-02-14 17:13:13.382322,456,CREDIT,AUTODEBIT,SHOPPING,0
87396704-09fe-43e9-af6c-26b31f2d20b3,1437,2026-02-14 17:13:14.182775,1603,CREDIT,POS,TRAVEL,0
6c07a601-fa4f-4fb5-a310-c86767debcf4,4212,2026-02-14 17:13:15.641012,3736,CREDIT,AUTODEBIT,TRAVEL,0
159d684d-24da-49d3-8d8b-4a8a8c0f5f44,2544,2026-02-14 17:13:17.308771,99207,CREDIT,BANK_TRANSFER,SALARY,1
17010582-254b-4c63-8aca-b8cdb4b011f6,2230,2026-02-14 17:13:18.672871,3806,DEBIT,NETBANKING,SHOPPING,0
c948a115-9c87-472b-b2da-c1a70a219bf1,3439,2026-02-14 17:13:19.401932,1127,DEBIT,POS,TRAVEL,0
8f4940d1-7b6f-404a-a7ec-0d33e8c54028,4593,2026-02-14 17:13:20.255570,1024,CREDIT,UPI,TRAVEL,0
20a5d9f5-dde2-4607-999c-1098fb0c4b71,2986,2026-02-14 17:13:20.999404,2674,CREDIT,POS,FOOD,0
cf503458-9e7b-4b55-9704-d4364c24c47d,2045,2026-02-14 17:13:22.415887,3595,CREDIT,NETBANKING,SHOPPING,0
9f3567e7-d0d2-41ef-afdb-6b0445434390,1309,2026-02-14 17:13:24.261454,839,DEBIT,NETBANKING,UTILITY,0
c71c040e-9fff-4a04-9f15-d84f3610f3e3,3182,2026-02-14 17:13:25.678558,1788,CREDIT,ATM,GROCERY,0
04437dad-0609-40aa-b2d6-358f7f28e15e,1139,2026-02-14 17:13:27.320388,1341,DEBIT,NETBANKING,GROCERY,0
8089ffba-d8d3-4bbd-88db-f9310ce708eb,2723,2026-02-14 17:13:27.886973,828,DEBIT,AUTODEBIT,UTILITY,0
76ef86d5-6b2e-489c-9705-6482819b180a,3674,2026-02-14 17:13:29.406187,450,DEBIT,NETBANKING,SHOPPING,0
83de94b3-6d6f-4a58-b68c-693dba2211f3,804,2026-02-14 17:13:30.768081,19144,DEBIT,AUTODEBIT,EMI,0
c6cc8d88-aa8f-41b3-b828-8c632281ecec,4933,2026-02-14 17:13:31.806161,3889,CREDIT,UPI,GROCERY,0
f5996678-b579-44e3-95da-289f3b1d0f77,1677,2026-02-14 17:13:33.660938,1478,CREDIT,NETBANKING,SHOPPING,0
9b48cd68-c23b-4e7f-b483-562acb4e704c,1684,2026-02-14 17:13:34.907594,950,CREDIT,POS,TRAVEL,0
889afdb7-3e46-4e81-bc9b-a4d0753d6662,836,2026-02-14 17:13:36.375479,2589,DEBIT,AUTODEBIT,SHOPPING,0
c8b70e99-8260-4431-8493-4e4577471ad7,3824,2026-02-14 17:13:37.304255,1790,DEBIT,NETBANKING,LOANAPP,0
78534d19-6fbf-4dd4-aaa7-1eda0f4aa3ab,4659,2026-02-14 17:13:38.743750,2427,DEBIT,NETBANKING,SHOPPING,0
2b7a163c-a9f9-4cf2-b256-6d94704a4f8a,3760,2026-02-14 17:13:40.741624,3987,DEBIT,UPI,GROCERY,0
d2a08c71-d426-4c93-a524-563ac8e9e4ef,1850,2026-02-14 17:13:42.593503,3618,CREDIT,POS,UTILITY,0
333786c4-22f5-4311-b943-6ec71e224ff7,4320,2026-02-14 17:13:43.886673,306,CREDIT,UPI,LOANAPP,0
897a5ed3-bc02-4d12-a99d-3bbd374de0d2,444,2026-02-14 17:13:44.589147,2186,CREDIT,UPI,UTILITY,0
112247e1-f3b2-459d-b0ae-d52eec67135a,3520,2026-02-14 17:13:45.324947,7430,DEBIT,AUTODEBIT,EMI,0
bfb4bebe-f97f-47f1-8aa5-918bfbcc380c,155,2026-02-14 17:13:47.316807,2025,DEBIT,AUTODEBIT,UTILITY,0
7c1c82dc-2529-43f8-8094-d8b82b32d21e,3056,2026-02-14 17:13:48.817901,3751,DEBIT,UPI,LOANAPP,0
72797989-ade8-4bdb-9a3e-86b2cb2ee82d,3873,2026-02-14 17:13:50.387815,3173,CREDIT,UPI,SHOPPING,0
10bc9385-0805-4f3a-9716-e61c7ba0847c,1044,2026-02-14 17:13:51.746103,3259,CREDIT,UPI,FOOD,0
f957c579-1181-47b8-bcc3-358b9e4fbbff,552,2026-02-14 17:13:52.324657,1988,CREDIT,ATM,FOOD,0
a2a835da-b57c-490c-842e-e4362e689303,4138,2026-02-14 17:13:53.133369,1666,CREDIT,AUTODEBIT,LOANAPP,0
4b8caa0e-4f3a-4f89-8614-0dbb78e83d81,4695,2026-02-14 17:13:54.418390,3720,CREDIT,AUTODEBIT,LOANAPP,0
083ff283-ef59-4ddf-a81b-e3d6b96a7118,2832,2026-02-14 17:13:55.672866,2351,DEBIT,POS,TRAVEL,0
2ade4edd-023c-45c6-9405-fd9e0626d138,3413,2026-02-14 17:13:57.627503,2424,CREDIT,POS,FOOD,0
891cfb1f-53b4-458e-84ad-6f5720660e1a,1406,2026-02-14 17:13:59.534762,3589,DEBIT,NETBANKING,TRAVEL,0
3dc96ddb-6a2a-47d1-9e10-c81dd62d4a83,1334,2026-02-14 17:14:00.844428,1928,DEBIT,NETBANKING,UTILITY,0
c7fc66d8-aebe-4e0f-98f1-2eaec360022e,100,2026-02-14 17:14:02.276087,3567,CREDIT,ATM,FOOD,0
0d5180e0-7402-43f9-a854-e3edd7e84819,3215,2026-02-14 17:14:02.957430,2072,DEBIT,NETBANKING,TRAVEL,0
f17a278c-44c2-4b24-a6be-00d8b1cf41ea,3744,2026-02-14 17:14:04.054253,2379,CREDIT,POS,LOANAPP,0
14109221-c2fe-4707-aca8-10efdf201c02,66,2026-02-14 17:14:04.722633,1146,CREDIT,POS,UTILITY,0
acc84a39-1513-414d-a2bc-cbd1f390ac81,1016,2026-02-14 17:14:05.401769,1457,CREDIT,POS,LOANAPP,0
dc64f9a1-e21a-41da-8acb-93fe09dfe7e5,2279,2026-02-14 17:14:07.104453,1130,CREDIT,NETBANKING,UTILITY,0
7c6393e0-9709-442b-af04-893fd51c30c1,713,2026-02-14 17:14:08.641538,3595,DEBIT,POS,LOANAPP,0
918e8de4-e9d3-46b1-9821-cd7e070140f4,4206,2026-02-14 17:14:09.772525,1320,DEBIT,ATM,SHOPPING,0
846f3a0c-049c-470b-a81d-a0147cf53861,1325,2026-02-14 17:14:11.753698,3561,DEBIT,ATM,UTILITY,0
4ccaf680-d259-42bd-a81b-f98c66040e62,1639,2026-02-14 17:14:13.714880,20107,CREDIT,BANK_TRANSFER,SALARY,1
7b0f9212-a26b-4c85-8e8f-ef9a2e67411a,3642,2026-02-14 17:14:15.115762,1751,DEBIT,NETBANKING,UTILITY,0
16866b15-7505-410b-b927-174c005d0d14,194,2026-02-14 17:14:16.568976,939,CREDIT,ATM,GROCERY,0
fe4cd310-84a7-4b71-b592-6ad65ea7d57e,4670,2026-02-14 17:14:17.814891,3700,CREDIT,POS,UTILITY,0
16b1ca22-1934-4f0e-acc4-c181a37483ed,1650,2026-02-14 17:14:18.534482,3757,DEBIT,NETBANKING,FOOD,0
662731f4-ce12-4e19-ac07-e0262a2413d6,4976,2026-02-14 17:14:20.274473,1519,CREDIT,NETBANKING,TRAVEL,0
7ace9065-9ca6-43bb-a1f5-39b638f1d49d,2516,2026-02-14 17:14:21.047063,3866,DEBIT,UPI,GROCERY,0
b052ba40-1345-4ef4-821e-02c0df31db5b,3063,2026-02-14 17:14:21.805976,2288,DEBIT,AUTODEBIT,SHOPPING,0
920467b7-7095-4d82-9936-6f1b7f625e9f,3647,2026-02-14 17:14:22.372923,2770,CREDIT,NETBANKING,SHOPPING,0
5dbfe569-f6fa-40ec-ae18-eccc1a45eff3,1565,2026-02-14 17:14:24.040857,2484,DEBIT,POS,GROCERY,0
f6c57b8d-0ce5-4d44-a2ad-ed528a7b5520,3137,2026-02-14 17:14:24.772447,1034,CREDIT,AUTODEBIT,GROCERY,0
3420ca05-e883-4e71-bc86-8ad0d443b4c6,2667,2026-02-14 17:14:25.677105,3792,DEBIT,POS,UTILITY,0
c007194b-5662-4c76-bdc6-912c9b3956bf,4996,2026-02-14 17:14:26.920918,2077,CREDIT,ATM,SHOPPING,0
13aade52-372d-44c1-924f-c24b2dc6c216,4172,2026-02-14 17:14:27.451645,2215,CREDIT,UPI,UTILITY,0
08c1f38f-eb6d-4dcc-b2a2-04d0aec654b9,1323,2026-02-14 17:14:29.337384,1448,CREDIT,AUTODEBIT,LOANAPP,0
bff688af-abe3-470e-bcbb-50f5a5743727,4179,2026-02-14 17:14:31.176317,1337,CREDIT,NETBANKING,FOOD,0
dba86d1a-cdf0-4c46-99f4-d0188d254039,1146,2026-02-14 17:14:32.376265,3246,DEBIT,AUTODEBIT,LOANAPP,0
f7945774-be55-4c97-a95b-9eacd35635ab,2022,2026-02-14 17:14:33.176374,3395,CREDIT,ATM,TRAVEL,0
33ba6f7a-8f8f-434c-bbce-b264ba47a34c,4179,2026-02-14 17:14:34.014066,2157,DEBIT,AUTODEBIT,GROCERY,0
951a6ccf-c3e6-4b78-99a0-4fc67e045924,1827,2026-02-14 17:14:35.149453,1107,CREDIT,ATM,FOOD,0
32b4887e-f32b-4fc0-ad4d-b0a13fa6d623,1857,2026-02-14 17:14:36.770834,13306,DEBIT,AUTODEBIT,EMI,0
69a2aadc-8c99-4289-875e-ae457ab3d8c8,131,2026-02-14 17:14:38.007561,287,DEBIT,ATM,TRAVEL,0
aebf241f-2c3c-4fee-9f30-ecb3f1fedcb0,2864,2026-02-14 17:14:39.779663,281,CREDIT,ATM,SHOPPING,0
b90e2239-4603-417c-b664-41ae5b201f56,2602,2026-02-14 17:14:41.020711,2655,DEBIT,ATM,UTILITY,0
28fbf303-cf86-41c4-bd9d-4eb4af400479,4766,2026-02-14 17:14:41.847755,2735,CREDIT,AUTODEBIT,LOANAPP,0
60f55cd3-8c68-43aa-a90d-27d36167e3c1,4383,2026-02-14 17:14:42.906177,2908,CREDIT,UPI,FOOD,0
fe7b965d-e54e-439f-98c8-4d8ca98e5421,2804,2026-02-14 17:14:44.586511,2980,CREDIT,AUTODEBIT,SHOPPING,0
e8cfc441-e7e9-4eda-b935-c5d6a9402d31,3287,2026-02-14 17:14:45.538339,403,DEBIT,POS,TRAVEL,0
4cb4dcb1-3eed-44e9-9e7c-950256ed7e6f,3109,2026-02-14 17:14:47.460324,302,CREDIT,NETBANKING,GROCERY,0
c9127522-804f-474e-8e93-686abb6fa7fb,2353,2026-02-14 17:14:49.428304,197,DEBIT,AUTODEBIT,SHOPPING,0
a2f60c62-3515-4d48-9495-5294574614f3,4383,2026-02-14 17:14:50.076057,3975,DEBIT,ATM,GROCERY,0
79ea4ef5-6373-46f5-9f94-5059fd129ab5,3730,2026-02-14 17:14:51.413623,2446,CREDIT,ATM,GROCERY,0
d4db10fb-7dc9-4354-a07c-8180cefa1894,3398,2026-02-14 17:14:52.998637,1979,CREDIT,POS,TRAVEL,0
5fd0368e-6961-4b12-b666-081340d98122,4665,2026-02-14 17:14:54.259861,7216,DEBIT,AUTODEBIT,EMI,0
becb443c-06e6-44fe-b539-2cd7346f0ef0,3645,2026-02-14 17:14:55.873273,576,CREDIT,AUTODEBIT,TRAVEL,0
7b43583f-f4cb-4568-901b-b5790145da33,4910,2026-02-14 17:14:56.837831,1827,DEBIT,ATM,FOOD,0
7831bdd0-b079-44bd-bfa9-4e3c20c71bef,2352,2026-02-14 17:14:57.605585,43181,CREDIT,BANK_TRANSFER,SALARY,1
1966b74c-924c-418a-93fe-c543524b9c31,1094,2026-02-14 17:14:59.512907,3238,CREDIT,POS,UTILITY,0
3e3dfa6c-45a8-49ef-b81b-bd42d3f57c84,1349,2026-02-14 17:15:01.421988,3972,CREDIT,NETBANKING,LOANAPP,0
5aeb7f85-5756-49dc-abae-67836ad0cb90,2460,2026-02-14 17:15:02.444489,1451,CREDIT,UPI,LOANAPP,0
e9c22b0e-8bdd-42e9-9262-86baf83023af,1175,2026-02-14 17:15:03.609865,286,DEBIT,ATM,TRAVEL,0
fea5e629-9880-415c-ba42-eca7556d629f,2798,2026-02-14 17:15:04.161639,14713,DEBIT,AUTODEBIT,EMI,0
965b8bca-50ee-4dd2-ab6f-e6e97355faee,3818,2026-02-14 17:15:05.403297,3144,CREDIT,ATM,GROCERY,0
5530a53c-1c81-4bae-9727-ddac98feaea7,4081,2026-02-14 17:15:06.986394,482,DEBIT,AUTODEBIT,LOANAPP,0
4ce5a98c-e467-43ba-984f-7d86a9b5d185,4658,2026-02-14 17:15:07.657998,1983,DEBIT,AUTODEBIT,FOOD,0
d4f8bbec-8fd3-4399-8dfd-9289be6b1b2c,2897,2026-02-14 17:15:09.095371,3801,CREDIT,UPI,SHOPPING,0
8276a12f-9075-4be8-a092-39e29f46680d,3057,2026-02-14 17:15:10.178442,1558,DEBIT,UPI,LOANAPP,0
18c43098-42e2-44fc-85da-3165210fa83b,1610,2026-02-14 17:15:10.704868,2305,DEBIT,ATM,UTILITY,0
10819e91-b695-47de-bc6e-d57680afcb29,2976,2026-02-14 17:15:12.245176,1697,DEBIT,AUTODEBIT,FOOD,0
d1b92be9-be2b-4c84-851c-22c51adfa605,321,2026-02-14 17:15:13.841355,2780,CREDIT,POS,TRAVEL,0
beaa0dce-77da-4cad-b290-40d41db73061,4808,2026-02-14 17:15:14.586247,79,DEBIT,POS,UTILITY,0
7b3bfae1-08a6-4366-99b6-5d5abfe68718,323,2026-02-14 17:15:16.404347,1465,DEBIT,NETBANKING,GROCERY,0
83559b6a-c0ae-47db-8deb-ef13ab1823c3,919,2026-02-14 17:15:17.909820,3822,DEBIT,NETBANKING,UTILITY,0
a6d98eda-45d8-4397-bcfa-5fe5dbb16f27,2847,2026-02-14 17:15:19.675997,3846,CREDIT,AUTODEBIT,SHOPPING,0
cad77768-e3f1-4052-aabc-743224413330,1657,2026-02-14 17:15:20.238133,1179,DEBIT,NETBANKING,TRAVEL,0
e8443a99-30a0-46b4-83d3-86d0de5afd14,4728,2026-02-14 17:15:21.751567,400,CREDIT,UPI,GROCERY,0
3ff96936-a2d3-4e18-9e0d-bb8bb8c110d8,126,2026-02-14 17:15:22.769110,1259,DEBIT,AUTODEBIT,UTILITY,0
bfdde06b-42d4-436d-b6a4-8f95e248d0c8,1224,2026-02-14 17:15:23.545920,2757,DEBIT,NETBANKING,UTILITY,0
b4303025-2770-48eb-9db1-ef70367ed333,387,2026-02-14 17:15:25.121457,1682,CREDIT,AUTODEBIT,LOANAPP,0
a1aff305-0eb6-4e5d-bb6b-a61232c97eb0,3260,2026-02-14 17:15:26.976091,3421,DEBIT,NETBANKING,GROCERY,0
7b722309-21c4-4523-8d75-7c6254f4ea18,52,2026-02-14 17:15:27.678976,712,DEBIT,POS,FOOD,0
07c145f1-8d82-47c8-8dda-55a305389d2e,772,2026-02-14 17:15:28.783097,756,DEBIT,POS,TRAVEL,0
e59e3c10-c47e-4b7e-80c2-257d9cb6f36b,2631,2026-02-14 17:15:29.683922,2775,DEBIT,UPI,SHOPPING,0
23b9b2dc-29e2-400c-94f2-19719e4ca7b2,906,2026-02-14 17:15:30.371280,1441,DEBIT,ATM,UTILITY,0
13c864e2-f362-45af-9a9c-5bdbff3e1f49,2130,2026-02-14 17:15:31.681459,3062,DEBIT,POS,LOANAPP,0
225378fe-27bb-4e57-b717-a8df104e26f2,832,2026-02-14 17:15:32.835576,2716,CREDIT,UPI,UTILITY,0
4e5a51af-2be8-4093-9ac6-7eee03dc8a25,3585,2026-02-14 17:15:34.293732,3780,DEBIT,POS,GROCERY,0
42d41101-c95c-4f95-acdc-2a548b911c15,1115,2026-02-14 17:15:35.052623,140,DEBIT,ATM,SHOPPING,0
32539c6a-1fcf-4846-8206-810a840c3c88,4601,2026-02-14 17:15:36.380014,387,DEBIT,ATM,FOOD,0
525cb0be-cffe-439e-ae8b-6bbe2780a11a,3228,2026-02-14 17:15:38.150286,1427,CREDIT,NETBANKING,TRAVEL,0
7c081f43-5602-49de-9470-63acfd74db05,579,2026-02-14 17:15:39.164665,2848,CREDIT,AUTODEBIT,SHOPPING,0
da5bd09d-ed0d-4261-b782-66cf35e12bbd,478,2026-02-14 17:15:39.780675,75,CREDIT,POS,LOANAPP,0
25c6de53-c087-45cb-a582-2a43ef582213,2207,2026-02-14 17:15:40.401439,2545,CREDIT,ATM,LOANAPP,0
3fa76499-e158-46fd-99ca-5b243de8e7f0,4297,2026-02-14 17:15:41.591753,283,CREDIT,NETBANKING,TRAVEL,0
9bf020e2-c380-4071-965f-e863a755e4e0,4824,2026-02-14 17:15:42.111023,3003,CREDIT,UPI,LOANAPP,0
6ddc6f1c-b8e8-4178-8f63-41fd478d8bc9,2260,2026-02-14 17:15:43.289986,3357,CREDIT,UPI,LOANAPP,0
ab5c1eb8-08d0-4e0f-9d6f-f3761238c675,3048,2026-02-14 17:15:45.132741,2054,DEBIT,ATM,FOOD,0
a5da92fc-152f-41ed-8dd6-7204f210eb57,3039,2026-02-14 17:15:45.671208,3907,DEBIT,UPI,TRAVEL,0
ff3798ac-5b8a-4555-94d9-d3cf5a7bad7d,2567,2026-02-14 17:15:46.350331,1544,DEBIT,ATM,FOOD,0
e42b166c-a22c-4a8d-a5c4-4645bdbfd101,1780,2026-02-14 17:15:47.047527,3175,CREDIT,NETBANKING,FOOD,0
cff1fe91-6ee1-4266-b98e-1b2d475dead0,4841,2026-02-14 17:15:47.886839,190,CREDIT,ATM,SHOPPING,0
606c6606-c763-4011-be90-2bc48e08f241,2016,2026-02-14 17:15:48.809853,1324,DEBIT,NETBANKING,GROCERY,0
c17e43ac-5c96-4b5a-b28f-69094762184e,545,2026-02-14 17:15:50.745871,1012,DEBIT,POS,FOOD,0
b2c963b3-80ea-4fd1-95c5-1701d296e48f,2912,2026-02-14 17:15:51.626685,912,DEBIT,NETBANKING,FOOD,0
36b70ef5-2fa3-4c22-b094-68aa7d91ad36,2812,2026-02-14 17:15:53.150830,631,DEBIT,AUTODEBIT,LOANAPP,0
8b68ed9a-e149-4301-abb6-ac7ddbc6cbd4,3100,2026-02-14 17:15:54.183589,2433,CREDIT,AUTODEBIT,GROCERY,0
51173e88-a40b-4c49-ac68-c78316343810,2543,2026-02-14 17:15:55.100295,2188,CREDIT,AUTODEBIT,GROCERY,0
456f1a79-da1a-4f6c-98b6-e933d1a50601,3465,2026-02-14 17:15:55.805560,29468,CREDIT,BANK_TRANSFER,SALARY,1
f6216860-7891-4071-a008-e878e077d32f,4880,2026-02-14 17:15:56.710923,541,CREDIT,ATM,SHOPPING,0
e3a01ccf-d1b2-41bb-9819-e648bf139b38,1693,2026-02-14 17:15:58.174489,1605,CREDIT,AUTODEBIT,FOOD,0
2d5eeadd-4cdf-4dd4-9290-381ceb43d04a,372,2026-02-14 17:15:58.939375,477,CREDIT,ATM,GROCERY,0
0acf8923-314f-4efb-ab91-3e187e6dc311,1481,2026-02-14 17:15:59.708280,2858,CREDIT,AUTODEBIT,SHOPPING,0
ec61bea4-e59d-44c8-945f-39691673d817,1482,2026-02-14 17:16:00.726200,606,CREDIT,POS,TRAVEL,0
6ec8c9a0-a55f-4266-b413-6f32fc128fd7,1255,2026-02-14 17:16:02.390466,1149,DEBIT,POS,GROCERY,0
09f19c3b-e7c0-4157-8686-50b1aeb4fa65,401,2026-02-14 17:16:03.225598,492,DEBIT,UPI,TRAVEL,0
5c3632ab-d915-4b90-ac3a-ae34b022a670,2903,2026-02-14 17:16:03.908710,67821,CREDIT,BANK_TRANSFER,SALARY,1
b9f0499b-0137-4500-8ce6-fd2ffbd7db84,140,2026-02-14 17:16:05.775499,691,CREDIT,UPI,UTILITY,0
9c1dc512-ef36-46f3-a34e-ca6f0fcb72ba,335,2026-02-14 17:16:06.682972,2029,DEBIT,NETBANKING,FOOD,0
e86a61f7-1c2b-46a2-af4e-21ceaaf229d8,4670,2026-02-14 17:16:08.623013,1942,DEBIT,ATM,LOANAPP,0
59e89728-f424-45e8-b58b-93edb038e918,230,2026-02-14 17:16:10.320739,3972,DEBIT,UPI,TRAVEL,0
96b2556e-539d-412c-8913-05590b794bc5,4475,2026-02-14 17:16:12.206999,3107,CREDIT,UPI,LOANAPP,0
99020f83-b6e4-40fb-92aa-66faeeb31062,4051,2026-02-14 17:16:13.875369,2575,DEBIT,UPI,SHOPPING,0
5d485a3f-e266-4cb9-a86d-3cc703b6897b,4303,2026-02-14 17:16:14.746197,3491,CREDIT,NETBANKING,FOOD,0
406dd226-39bf-4a2b-b09e-37ca77bd864b,401,2026-02-14 17:16:15.893275,2179,CREDIT,ATM,UTILITY,0
b1f97a07-6129-46b5-b10c-aafa12628cde,1517,2026-02-14 17:16:16.726574,213,DEBIT,POS,FOOD,0
09f61428-d377-4184-bd12-916b027eb068,4762,2026-02-14 17:16:17.402768,1682,DEBIT,POS,GROCERY,0
1ba64f62-8d44-4587-9761-60267cf114b5,4263,2026-02-14 17:16:18.213796,1479,CREDIT,ATM,GROCERY,0
c07459c4-0f31-43ff-b39f-d6f519c0619f,514,2026-02-14 17:16:18.973066,1917,CREDIT,NETBANKING,FOOD,0
628291d1-19bb-4d31-87c1-b058f38d7991,2711,2026-02-14 17:16:19.756108,1225,CREDIT,AUTODEBIT,GROCERY,0
890101d9-91b8-4de4-9331-2f2500eaffe8,3633,2026-02-14 17:16:21.207923,2182,CREDIT,AUTODEBIT,GROCERY,0
49d3e7e8-3d60-4506-8821-adb34b53e376,1266,2026-02-14 17:16:22.687080,2296,CREDIT,ATM,LOANAPP,0
564ded50-38b4-4d5c-94cb-50d7aa0022a9,2087,2026-02-14 17:16:24.358949,3466,DEBIT,UPI,LOANAPP,0
6e0daa88-4a7a-49df-86f1-377a7e03d935,855,2026-02-14 17:16:24.991516,3042,CREDIT,NETBANKING,FOOD,0
6c66d9ae-36fa-402a-8880-90f73c624fe4,4976,2026-02-14 17:16:25.936058,76,DEBIT,POS,LOANAPP,0
d9505804-3815-4138-a2cd-f5b395a922e0,1955,2026-02-14 17:16:26.585204,40338,DEBIT,AUTODEBIT,EMI,0
b53a1349-6ced-4e71-afdb-d24435ed2ae6,4791,2026-02-14 17:16:27.432466,283,CREDIT,UPI,TRAVEL,0
ba895297-4c43-493f-a7bf-9717a2ad8207,2150,2026-02-14 17:16:29.112488,2100,CREDIT,UPI,TRAVEL,0
1c1faddd-7db2-4a1e-b2e0-ec95b7d67c75,1538,2026-02-14 17:16:30.363663,1370,CREDIT,ATM,SHOPPING,0
64b7540b-c550-4793-8e55-69988b0d692d,2290,2026-02-14 17:16:30.870254,2566,CREDIT,UPI,LOANAPP,0
5427d3db-385c-43f5-ab74-0bd8ebcbab46,3193,2026-02-14 17:16:32.505640,1448,DEBIT,NETBANKING,LOANAPP,0
4fad6927-301f-4c91-85db-413f3c328c04,1892,2026-02-14 17:16:33.759887,762,DEBIT,POS,SHOPPING,0
425c1656-8f56-40db-8556-c0b6fc39126f,427,2026-02-14 17:16:34.656192,2774,CREDIT,POS,UTILITY,0
fb0de46e-8011-4ba2-b740-6ceda00ed413,4958,2026-02-14 17:16:35.582821,1923,CREDIT,POS,UTILITY,0
34565099-8ace-44bd-a115-b38ef8937b53,3495,2026-02-14 17:16:36.106228,3040,DEBIT,AUTODEBIT,TRAVEL,0
4475efb0-e80d-45dc-8c1b-8e85a360e33d,2226,2026-02-14 17:16:36.701348,1862,DEBIT,POS,LOANAPP,0
77a58c82-f6d4-4adf-8e81-d0d465bd04d9,1610,2026-02-14 17:16:37.364435,1978,CREDIT,ATM,FOOD,0
f6b12832-6058-4179-a355-a12a62cc2e1b,3391,2026-02-14 17:16:38.798256,3894,DEBIT,AUTODEBIT,EMI,0
b47cdf0c-357d-410a-9c06-0d2e2c745de1,847,2026-02-14 17:16:39.845553,1151,DEBIT,ATM,TRAVEL,0
1bad0864-4317-480f-a925-7aaa5e10d4d0,3858,2026-02-14 17:16:41.050186,1916,CREDIT,NETBANKING,UTILITY,0
2df18f8a-9b2a-42b2-ba00-9c377a49fa41,2888,2026-02-14 17:16:42.379666,3385,CREDIT,AUTODEBIT,SHOPPING,0
2cd48bcc-600f-4bb5-b6dc-3988bdda3190,1274,2026-02-14 17:16:43.329999,1691,DEBIT,POS,LOANAPP,0
c77b8097-bb20-4b6e-885d-10c0ccf4a609,3555,2026-02-14 17:16:44.561951,3967,DEBIT,ATM,TRAVEL,0
c5e6ea7d-2e1d-4289-af0d-5cccafb72ab1,119,2026-02-14 17:16:45.068231,2886,DEBIT,ATM,UTILITY,0
7d0b8b18-b77d-4cf4-8c0e-d6a765a4bd86,1838,2026-02-14 17:16:45.699018,994,CREDIT,AUTODEBIT,FOOD,0
460ddbc8-7dd4-4bf9-8fe2-1ad795f36d29,447,2026-02-14 17:16:46.926711,1722,DEBIT,AUTODEBIT,EMI,0
b4a318b0-1016-4af0-8bcd-a9bcf825c532,3061,2026-02-14 17:16:47.852910,399,DEBIT,POS,UTILITY,0
5b02b52e-e81a-4c40-9be7-24e1e7f6ffd8,1674,2026-02-14 17:16:48.458149,3661,CREDIT,ATM,SHOPPING,0
21548d65-f026-4e00-a30b-68c5604cb91a,4838,2026-02-14 17:16:49.092413,573,DEBIT,POS,LOANAPP,0
6fad7a37-b11d-4511-a108-bcd24fa59f9e,811,2026-02-14 17:16:50.664604,2282,DEBIT,NETBANKING,SHOPPING,0
c61a369a-c1e7-4596-a3d2-f6d6579845e0,3889,2026-02-14 17:16:51.397407,1163,DEBIT,UPI,TRAVEL,0
e8a3c076-a7d1-4263-9d99-6828c142b3bd,1107,2026-02-14 17:16:52.041168,3342,CREDIT,ATM,LOANAPP,0
764968e3-f07a-48b7-ae49-c2b110b9b236,4310,2026-02-14 17:16:53.087564,1348,CREDIT,UPI,GROCERY,0
23534a68-033a-4ff1-8127-ccf93d6c6f1d,2899,2026-02-14 17:16:55.063280,2421,DEBIT,AUTODEBIT,LOANAPP,0
95227338-e71e-4f05-9e87-69ae15eb690b,4315,2026-02-14 17:16:56.355608,22292,CREDIT,BANK_TRANSFER,SALARY,1
a59ce194-264f-4d4d-9fb3-e9ab6174db85,3141,2026-02-14 17:16:57.529193,1459,CREDIT,ATM,UTILITY,0
17809bd1-7306-44cc-8aa4-e9c44fdebcfa,3085,2026-02-14 17:16:59.379484,829,CREDIT,ATM,LOANAPP,0
8886ec40-1eeb-4fc0-9c41-b0aaa99034ef,4197,2026-02-14 17:17:00.793298,3960,CREDIT,UPI,TRAVEL,0
62e3a203-a9e1-49a1-92a7-cdd3a30961fa,468,2026-02-14 17:17:01.842793,1755,CREDIT,UPI,LOANAPP,0
772a32cd-e872-4d56-af77-ff001a22c7c1,2450,2026-02-14 17:17:02.784947,1205,DEBIT,NETBANKING,FOOD,0
67f0cc4a-c5b5-48f1-8063-bdbd69d76f70,940,2026-02-14 17:17:04.430142,125,CREDIT,ATM,LOANAPP,0
61d26d87-fa6e-4b12-b084-f0ccadfbf0a3,2374,2026-02-14 17:17:06.383588,429,CREDIT,POS,GROCERY,0
8d013f71-74dd-4335-8c5e-74bd8fa576c6,270,2026-02-14 17:17:07.455543,729,DEBIT,POS,TRAVEL,0
18b75556-5d9d-4cd4-bc08-3e302e69f24f,646,2026-02-14 17:17:08.360555,1270,CREDIT,POS,SHOPPING,0
7c5683c7-71c8-44a0-b5b3-4895dba67949,4747,2026-02-14 17:17:09.139203,1871,CREDIT,NETBANKING,TRAVEL,0
1c1a1785-148e-477c-9a54-ec898ebeb461,2818,2026-02-14 17:17:10.008508,1217,CREDIT,UPI,GROCERY,0
fe5aa9b1-6215-4e6a-9644-0e2fbb36c519,368,2026-02-14 17:17:11.980669,1267,DEBIT,NETBANKING,SHOPPING,0
0cb8efb4-0141-4f5b-9468-c62efad9dc35,1126,2026-02-14 17:17:13.389320,1671,CREDIT,ATM,UTILITY,0
a2583050-892c-45e8-9d7d-cd5b19f2eb3d,2453,2026-02-14 17:17:14.950245,1650,DEBIT,ATM,GROCERY,0
a33855f3-9ae6-4520-a983-fcce8aa2853a,254,2026-02-14 17:17:16.079792,564,DEBIT,NETBANKING,TRAVEL,0
9a29a4b6-7c3c-44e3-9d0c-270668d796f9,3332,2026-02-14 17:17:17.596092,3310,CREDIT,AUTODEBIT,FOOD,0
6e27eaa0-eb76-4ea7-876f-c9fecc6d84e7,2138,2026-02-14 17:17:18.537335,3330,CREDIT,POS,LOANAPP,0
0f1c5620-0775-4eda-9820-d63051ec2e91,4964,2026-02-14 17:17:19.757583,1942,CREDIT,NETBANKING,UTILITY,0
22a925e1-c6d9-4041-a257-464c3117af06,1384,2026-02-14 17:17:21.117422,3724,DEBIT,POS,SHOPPING,0
8ab81422-65bd-4b87-a242-df5d6720999c,4183,2026-02-14 17:17:22.018922,2293,DEBIT,UPI,TRAVEL,0
58d5ff76-f82b-4bc8-920a-05a2bf4c51a3,4997,2026-02-14 17:17:23.820223,2753,CREDIT,AUTODEBIT,TRAVEL,0
383a2783-11ac-4599-8910-7332afb59960,763,2026-02-14 17:17:25.291511,2633,CREDIT,UPI,UTILITY,0
0ba74620-cce9-4bf4-b262-a225a87b9f4b,223,2026-02-14 17:17:27.240556,3797,CREDIT,ATM,UTILITY,0
890f7b5b-d87d-440c-b72a-ecb58deeba78,370,2026-02-14 17:17:28.143792,1071,CREDIT,ATM,LOANAPP,0
f89430aa-6d1b-42e9-9dd1-d43ba500e382,1766,2026-02-14 17:17:29.879839,10301,DEBIT,AUTODEBIT,EMI,0
c09b0f5e-6756-4982-9209-268f9752c47e,3041,2026-02-14 17:17:31.701486,3713,DEBIT,NETBANKING,UTILITY,0
1c5d1320-2dc4-4990-a621-f257cdc064d2,3813,2026-02-14 17:17:32.250841,1121,DEBIT,UPI,GROCERY,0
4663dbbd-cfd8-4fc6-be84-4eaecaf1e9d8,890,2026-02-14 17:17:33.985852,1744,CREDIT,POS,LOANAPP,0
8d5c018d-75c8-428d-b47b-1b49c80881c2,3988,2026-02-14 17:17:35.133569,443,CREDIT,NETBANKING,LOANAPP,0
857ae370-b5ea-450e-90be-1a48f6ce65b6,1950,2026-02-14 17:17:36.061054,3166,DEBIT,ATM,TRAVEL,0
333e6d33-17f0-4ea5-a8bc-9eca2dc0a0d6,4008,2026-02-14 17:17:37.922761,2564,CREDIT,UPI,SHOPPING,0
9bd2ab25-3617-416e-8801-5147e8e61d63,3620,2026-02-14 17:17:39.571627,2812,CREDIT,AUTODEBIT,UTILITY,0
5fda6ecc-1231-44f7-a401-7de78d134e71,2151,2026-02-14 17:17:40.108006,3061,DEBIT,NETBANKING,UTILITY,0
6c8082af-db76-4c02-8d32-12cdd835a044,4224,2026-02-14 17:17:40.980042,1188,CREDIT,UPI,UTILITY,0
bfe9b2a5-a3b5-45f4-9458-ac2854a9d4b6,2333,2026-02-14 17:17:42.170394,3145,CREDIT,ATM,SHOPPING,0
81193aa5-56db-40ef-9222-8f1930aaab85,3588,2026-02-14 17:17:43.918168,2150,DEBIT,AUTODEBIT,UTILITY,0
d0c2b350-f213-459f-940b-0e175ea7584b,1788,2026-02-14 17:17:45.244533,3253,DEBIT,POS,UTILITY,0
9f37c093-6e66-4ec3-ac25-c88ea0a34763,3244,2026-02-14 17:17:47.240452,3465,DEBIT,NETBANKING,UTILITY,0
887c6f47-6b52-4f9e-bd57-c910ca155ce7,362,2026-02-14 17:17:49.048674,3527,DEBIT,UPI,UTILITY,0
8db26033-8628-47ad-973b-ba78e20ee538,1714,2026-02-14 17:17:51.031575,2031,CREDIT,AUTODEBIT,LOANAPP,0
37054205-b121-4c95-9865-7365c9a2b900,3649,2026-02-14 17:17:51.913405,2809,DEBIT,POS,GROCERY,0
dcb54ea6-c1f5-44c1-a5b5-ff49ce878725,2767,2026-02-14 17:17:53.508602,2861,DEBIT,POS,SHOPPING,0
f7df2da9-80f0-462c-b126-243e977e40f0,4794,2026-02-14 17:17:54.423407,3716,DEBIT,POS,FOOD,0
9743edf1-fb4f-42e4-adab-f2c1c3a4af41,3223,2026-02-14 17:17:55.378428,2685,DEBIT,UPI,FOOD,0
83697945-b420-4aae-82b7-229879242d91,2076,2026-02-14 17:17:56.965200,1009,DEBIT,ATM,TRAVEL,0
2de4a3ea-a5dd-4b07-814a-ac30f2c611fb,3466,2026-02-14 17:17:58.929814,1651,DEBIT,NETBANKING,UTILITY,0
99239bac-621a-4dd2-93ef-eeb385b61845,2216,2026-02-14 17:17:59.930617,2946,CREDIT,AUTODEBIT,LOANAPP,0
c4bb367a-9aca-4307-9f57-63f45c855e38,3351,2026-02-14 17:18:01.640414,597,CREDIT,AUTODEBIT,TRAVEL,0
cf193972-8139-4471-8560-033ccae399d5,224,2026-02-14 17:18:03.474936,2258,CREDIT,UPI,SHOPPING,0
3a27e2b5-2e0c-45a7-9920-96c282950763,3267,2026-02-14 17:18:05.112228,297,CREDIT,UPI,GROCERY,0
e06b40b6-5d1a-4047-a376-9a9f57a7fd4c,3779,2026-02-14 17:18:06.280088,2835,DEBIT,AUTODEBIT,LOANAPP,0
6075db43-5688-4868-b593-273f3bda019b,2831,2026-02-14 17:18:06.891682,3097,DEBIT,ATM,TRAVEL,0
9add6fb8-33a9-4b80-b4eb-a0130a9c505d,4954,2026-02-14 17:18:07.419232,1612,CREDIT,AUTODEBIT,TRAVEL,0
61777198-71fb-4ae0-80bc-cd06c45d0282,969,2026-02-14 17:18:09.258680,3330,CREDIT,NETBANKING,GROCERY,0
0a1ad7c5-6dcb-4c2d-afb7-ebf035001efa,3028,2026-02-14 17:18:10.530613,510,DEBIT,UPI,LOANAPP,0
2033e189-0bef-447f-8531-99b416172c47,799,2026-02-14 17:18:11.573713,1387,CREDIT,UPI,LOANAPP,0
76b469ae-7957-483f-9fcf-aca0c61f9f02,461,2026-02-14 17:18:13.388304,193,DEBIT,UPI,UTILITY,0
814508fb-bc29-4159-b61f-202fd21067b8,4791,2026-02-14 17:18:14.767845,2113,DEBIT,POS,FOOD,0
7bb3cc5b-336f-4eb3-953b-2ff9d28b73e5,3721,2026-02-14 17:18:16.600390,457,DEBIT,POS,UTILITY,0
e33b11be-f253-44a8-97ac-f3faee78a8ed,1689,2026-02-14 17:18:17.634041,1867,DEBIT,ATM,GROCERY,0
58912bb4-873a-4f24-bbd5-44d1d7ac65ae,2083,2026-02-14 17:18:18.696401,17381,DEBIT,AUTODEBIT,EMI,0
cd859ce2-9002-404d-84b6-d66046167950,974,2026-02-14 17:18:19.235966,1400,CREDIT,NETBANKING,UTILITY,0
b08abbcf-fc2c-428f-9db4-129c7ea27d7c,1548,2026-02-14 17:18:20.051743,3657,CREDIT,POS,FOOD,0
bd321fa1-ff31-44a1-a67b-80390290bc12,1790,2026-02-14 17:18:20.681385,3442,CREDIT,AUTODEBIT,GROCERY,0
5754c56c-a3e4-44d7-9b89-1a51bc9643b2,2577,2026-02-14 17:18:22.631477,2890,DEBIT,AUTODEBIT,GROCERY,0
948cff93-0065-4c9d-8de6-14b3cb16ca13,2558,2026-02-14 17:18:23.403522,116,CREDIT,NETBANKING,LOANAPP,0
48ce1575-dd1f-4972-a6c4-21fdfb45ac6f,930,2026-02-14 17:18:25.298178,14252,DEBIT,AUTODEBIT,EMI,0
ddfbae97-2c00-4bc7-86f1-13ad9d8bda25,2224,2026-02-14 17:18:27.253729,2760,CREDIT,NETBANKING,LOANAPP,0
0b8380ce-f28e-49e0-a2d5-ec0c80ff28cc,1737,2026-02-14 17:18:28.882492,3880,CREDIT,NETBANKING,TRAVEL,0
abd954a8-5cc6-4c2c-980f-f4e4c3178fef,3105,2026-02-14 17:18:30.518228,241,DEBIT,NETBANKING,SHOPPING,0
e101f31a-185a-4804-a2c1-3248370df380,3246,2026-02-14 17:18:31.924441,1977,CREDIT,AUTODEBIT,UTILITY,0
90116b53-7683-41e3-a703-48a12233f70f,1905,2026-02-14 17:18:32.997978,2050,CREDIT,ATM,SHOPPING,0
ff440b54-c63f-4819-94b8-04eb466e16c8,1377,2026-02-14 17:18:34.162993,2769,CREDIT,NETBANKING,SHOPPING,0
c04e715a-69cf-491a-9ca8-dc4d6da8382c,1698,2026-02-14 17:18:35.234701,3558,CREDIT,NETBANKING,LOANAPP,0
af09e0d1-2899-45f3-8f67-44e721d09baa,2735,2026-02-14 17:18:35.836424,1212,DEBIT,POS,LOANAPP,0
79d97aa8-0484-48ba-9797-ec282a22a67e,2739,2026-02-14 17:18:36.577988,3630,DEBIT,NETBANKING,SHOPPING,0
885c801e-f1df-4bba-8554-578f2484781b,1633,2026-02-14 17:18:37.677052,205,DEBIT,POS,UTILITY,0
d89a200b-f2b3-4013-886a-b8440565ae74,192,2026-02-14 17:18:38.473340,979,CREDIT,NETBANKING,LOANAPP,0
040ae226-1893-42f5-a0d5-99faf72ba01a,2554,2026-02-14 17:18:39.697602,3146,CREDIT,AUTODEBIT,UTILITY,0
801d2248-0bf0-4bef-b2a2-df4e1d54d199,150,2026-02-14 17:18:41.678115,3325,CREDIT,UPI,TRAVEL,0
629eba98-1ff3-4b1b-a705-a9488ae9e3c0,1356,2026-02-14 17:18:43.499473,1202,DEBIT,NETBANKING,GROCERY,0
d543679f-898a-46b9-9774-d402b1094203,754,2026-02-14 17:18:44.931551,1484,CREDIT,UPI,TRAVEL,0
698e1aaa-0a18-48d7-bc0f-09b2a2151dd0,4251,2026-02-14 17:18:46.934246,2224,DEBIT,AUTODEBIT,SHOPPING,0
d076b2db-be90-4856-95af-fed2432b8742,3259,2026-02-14 17:18:48.838203,3133,CREDIT,NETBANKING,UTILITY,0
72212ec4-cfe7-4f84-bdec-b477de0ae295,1085,2026-02-14 17:18:50.674418,3073,DEBIT,UPI,FOOD,0
ffd43963-5c8e-4908-951e-752d5f494aae,2756,2026-02-14 17:18:51.839716,1760,CREDIT,ATM,TRAVEL,0
33fbb784-e550-48bc-8e26-cff5f98176b4,1622,2026-02-14 17:18:52.686664,871,DEBIT,NETBANKING,GROCERY,0
2eae514c-8790-42ed-bec6-5bc9298c36d4,1035,2026-02-14 17:18:53.658652,1451,DEBIT,ATM,FOOD,0
d847640d-1c2d-492d-8e86-68de2217b094,1692,2026-02-14 17:18:54.181480,1601,DEBIT,UPI,GROCERY,0
96ca36ca-1b7a-47e8-b9c8-f893c5661146,1142,2026-02-14 17:18:56.183752,1074,CREDIT,POS,UTILITY,0
2712fba6-4e3c-44b9-946e-f3dfacd538c1,2510,2026-02-14 17:18:57.218498,1513,DEBIT,AUTODEBIT,GROCERY,0
c1f0ded9-d6a0-438d-b9ea-c3e026a5ca0d,4995,2026-02-14 17:18:57.757236,999,CREDIT,POS,TRAVEL,0
f5fb4abd-b655-4dc9-a173-7923622cf83d,1825,2026-02-14 17:18:58.486201,27790,CREDIT,BANK_TRANSFER,SALARY,1
da7aedd7-156c-4d3c-8c9d-17d1eb4313f5,3493,2026-02-14 17:19:00.440523,454,DEBIT,POS,UTILITY,0
f7ae331c-f4e3-4a16-8dfa-6ddba315d45e,1341,2026-02-14 17:19:02.021278,3722,DEBIT,POS,FOOD,0
dcaa2738-4c8d-4cf2-9ddd-7508922ea2bf,1516,2026-02-14 17:19:03.206439,892,CREDIT,AUTODEBIT,FOOD,0
7275556e-f865-48ea-80a6-8822e5089d73,69,2026-02-14 17:19:03.940765,1669,CREDIT,POS,LOANAPP,0
c2250aca-1d8b-4f06-806c-8ce6acbdcc52,3496,2026-02-14 17:19:04.687437,14961,DEBIT,AUTODEBIT,EMI,0
bfaccbf0-1b02-4e24-8497-1ab5499fbe4f,809,2026-02-14 17:19:05.923288,3065,DEBIT,POS,SHOPPING,0
1f612169-21aa-4525-9d0f-0d26fc1dd036,460,2026-02-14 17:19:07.135259,955,DEBIT,POS,TRAVEL,0
cbaf3304-7bec-4167-8c10-fd5904d38c22,3845,2026-02-14 17:19:08.845795,3427,DEBIT,UPI,LOANAPP,0
233e2101-c67f-469a-ae34-ab0019cae5e0,140,2026-02-14 17:19:10.478785,817,CREDIT,NETBANKING,UTILITY,0
115d26f3-c58b-49b4-9140-d19192348ab3,2196,2026-02-14 17:19:11.044339,1101,CREDIT,UPI,GROCERY,0
e166df45-064d-48f6-bc0d-1b03818d901c,243,2026-02-14 17:19:12.110441,320,CREDIT,AUTODEBIT,GROCERY,0
202eefcf-9396-4c6f-abd8-e51d2abfc531,2049,2026-02-14 17:19:12.899339,492,DEBIT,AUTODEBIT,GROCERY,0
8158ca3d-c49e-4353-93bf-1c410fb4bd12,1109,2026-02-14 17:19:14.287054,2517,DEBIT,NETBANKING,SHOPPING,0
398f6ab3-df33-405a-968f-8614c5f7f57f,1997,2026-02-14 17:19:16.072712,3160,DEBIT,ATM,SHOPPING,0
e39db972-8f1e-4571-b108-4da0b8879a7e,102,2026-02-14 17:19:17.379183,60,DEBIT,ATM,LOANAPP,0
967e4a88-b463-413c-9e25-34ec5d177f95,3465,2026-02-14 17:19:18.570402,1686,CREDIT,POS,FOOD,0
91329a22-b369-44d6-9162-2564d9c1cf07,529,2026-02-14 17:19:19.688310,3093,CREDIT,POS,LOANAPP,0
1d6933eb-6bf1-478f-a0d1-6337fc13272a,2154,2026-02-14 17:19:21.097722,1931,CREDIT,AUTODEBIT,SHOPPING,0
49722e9a-a01d-4c24-b96c-487d132eef18,3037,2026-02-14 17:19:22.630634,2951,DEBIT,AUTODEBIT,TRAVEL,0
05b54b8f-d715-41e8-8059-f4b754b2be53,3210,2026-02-14 17:19:23.940933,2099,DEBIT,UPI,SHOPPING,0
211c7a30-7548-4839-805f-a85c0e0e8df8,628,2026-02-14 17:19:25.226797,2427,DEBIT,NETBANKING,SHOPPING,0
9f46c444-7d75-4d48-a40d-8809ac1498c3,3634,2026-02-14 17:19:26.922380,314,DEBIT,AUTODEBIT,UTILITY,0
3aa2c878-99a8-4883-a219-41cce2408bd8,4634,2026-02-14 17:19:28.872462,3808,DEBIT,POS,TRAVEL,0
adc9ebc5-36c3-43bc-a037-57c733268dc4,4904,2026-02-14 17:19:30.551168,2914,CREDIT,UPI,UTILITY,0
184cab42-c5ff-4285-923d-1489edaf1798,3444,2026-02-14 17:19:32.465681,101,DEBIT,POS,LOANAPP,0
bfa4f243-1f33-4903-81e5-42dfbe6327aa,4434,2026-02-14 17:19:33.044216,36180,CREDIT,BANK_TRANSFER,SALARY,1
0402438f-a786-4ea0-9347-f8c52c121235,761,2026-02-14 17:19:34.256865,1158,DEBIT,ATM,GROCERY,0
35b2bfdb-e1c5-4064-9333-afcee28b09d1,1020,2026-02-14 17:19:35.819458,3507,DEBIT,AUTODEBIT,GROCERY,0
967f4d18-28f8-4f0b-996a-8e3192a410e7,2180,2026-02-14 17:19:36.348900,628,CREDIT,AUTODEBIT,TRAVEL,0
6c5fa5fd-0de0-4606-8cba-7f05c3275957,1065,2026-02-14 17:19:36.857572,25575,CREDIT,BANK_TRANSFER,SALARY,1
a2173bd8-f3b2-470b-96ce-1337e0870696,2726,2026-02-14 17:19:38.408770,4386,DEBIT,AUTODEBIT,EMI,0
c7632455-f81a-4ae3-9820-966643f8880c,591,2026-02-14 17:19:40.279348,3628,CREDIT,POS,LOANAPP,0
802ca92d-d2fa-4f42-a6c3-8a709cd09726,3987,2026-02-14 17:19:42.114658,3831,DEBIT,ATM,GROCERY,0
ff49c256-446f-4c6d-b7cb-6431a55b5531,4788,2026-02-14 17:19:44.046033,560,CREDIT,NETBANKING,TRAVEL,0
2a760948-3247-4908-a6fb-60c0547552f5,1655,2026-02-14 17:19:44.910042,2483,DEBIT,POS,GROCERY,0
2e25441a-5452-4919-bcee-4ae6e54a9b4f,143,2026-02-14 17:19:46.620454,3009,CREDIT,UPI,LOANAPP,0
454dee62-249d-4c4f-8a32-8d23c2e1482b,2507,2026-02-14 17:19:47.263533,2776,DEBIT,UPI,UTILITY,0
b0a01a2c-fe59-4485-b191-98e78e1ea1ef,1093,2026-02-14 17:19:49.162849,1851,DEBIT,POS,LOANAPP,0
d1939916-3441-44a3-ae7a-1f736fc43d0d,197,2026-02-14 17:19:49.859113,2975,DEBIT,AUTODEBIT,SHOPPING,0
ff82a02a-5b2c-4e73-add9-0a6f16f25c15,3277,2026-02-14 17:19:50.512428,1448,CREDIT,AUTODEBIT,FOOD,0
b5432d3c-1cc5-4351-ae1a-010564b8aa8c,43,2026-02-14 17:19:52.487090,2347,CREDIT,NETBANKING,FOOD,0
8d38b4ac-5890-4156-9ff0-0f105cc7e8b1,93,2026-02-14 17:19:53.417638,685,CREDIT,AUTODEBIT,SHOPPING,0
33f7e683-5315-4d6e-a79a-b2f99b8ae741,180,2026-02-14 17:19:54.959125,1279,CREDIT,UPI,LOANAPP,0
8c400131-fb34-4a94-ba26-48fc5bfaae50,3004,2026-02-14 17:19:55.725569,1572,CREDIT,UPI,SHOPPING,0
8a5f7f82-4bab-45e9-ae46-010a927000af,3580,2026-02-14 17:19:57.575492,11245,DEBIT,AUTODEBIT,EMI,0
ee0218ab-a1f9-40b7-b942-bab523915004,2851,2026-02-14 17:19:59.525910,1746,DEBIT,POS,LOANAPP,0
5616b6a7-3cd4-4235-a616-e5f7d3d72693,4972,2026-02-14 17:20:01.324164,615,DEBIT,UPI,SHOPPING,0
49edf48c-b45c-481f-80e1-4b2fc4454a19,3270,2026-02-14 17:20:03.040175,3218,DEBIT,POS,GROCERY,0
70c0a2f6-688c-4794-91e6-063850a1e3bf,3349,2026-02-14 17:20:04.491584,1026,DEBIT,POS,TRAVEL,0
16499f95-1b2d-4928-adc3-4c493c2d60be,3867,2026-02-14 17:20:06.166895,3490,CREDIT,AUTODEBIT,GROCERY,0
d0dadd2f-25f6-4ae3-ac16-f4f737f29862,1848,2026-02-14 17:20:07.020666,2744,DEBIT,POS,UTILITY,0
4284e307-2ae6-4cdc-9572-061b819e5311,1260,2026-02-14 17:20:07.700734,669,DEBIT,AUTODEBIT,TRAVEL,0
3a8f6a9f-ed26-47f8-a1f3-060f5d97ba81,4262,2026-02-14 17:20:08.379492,1066,DEBIT,NETBANKING,TRAVEL,0
eba1b841-6eae-4d36-a581-fb10387d58e0,3618,2026-02-14 17:20:09.082173,3785,CREDIT,UPI,TRAVEL,0
52ff9d49-fa68-477d-b03f-444afa6cb171,667,2026-02-14 17:20:10.886382,325,CREDIT,POS,GROCERY,0
6832ca7e-a53f-4ad4-b85c-ea91140ab8dd,1722,2026-02-14 17:20:11.507760,36779,CREDIT,BANK_TRANSFER,SALARY,1
40e6c2e7-eee2-47aa-b449-9943b6a8305f,2198,2026-02-14 17:20:12.888332,2071,CREDIT,NETBANKING,SHOPPING,0
dc80e238-771e-4629-9712-09c17892b1d3,511,2026-02-14 17:20:13.654603,4332,DEBIT,AUTODEBIT,EMI,0
6791522f-b12e-4432-804e-294359e12f4c,1492,2026-02-14 17:20:15.060002,280,DEBIT,NETBANKING,TRAVEL,0
627063a1-0693-4c50-a232-ef56f9d57764,414,2026-02-14 17:20:16.887100,1382,DEBIT,AUTODEBIT,FOOD,0
8bcd3164-2955-455e-bb4f-077dc47fc00c,4829,2026-02-14 17:20:18.062658,291,CREDIT,UPI,GROCERY,0
ba73dd85-0221-4695-a8d1-300f2e714539,4042,2026-02-14 17:20:20.004066,1142,DEBIT,AUTODEBIT,GROCERY,0
f6a3c775-aba9-49c9-81ea-de361a179bd2,2650,2026-02-14 17:20:21.948957,126,DEBIT,UPI,FOOD,0
e610571d-b966-4518-a240-12308735dd4b,388,2026-02-14 17:20:22.793164,3348,DEBIT,AUTODEBIT,UTILITY,0
65ff2021-8351-4263-8ddc-81addc69fdb1,148,2026-02-14 17:20:24.339381,3378,DEBIT,AUTODEBIT,UTILITY,0
cb31a127-3dd7-49cb-87dc-2e4f8b403500,4281,2026-02-14 17:20:25.348679,3674,CREDIT,ATM,TRAVEL,0
0bab7738-6aea-4983-8ce0-fb0b1f7a8f6b,3694,2026-02-14 17:20:27.326572,1920,CREDIT,NETBANKING,LOANAPP,0
f5dd292b-b520-4c17-bd2b-70434db40d0a,4441,2026-02-14 17:20:29.178062,1043,DEBIT,UPI,UTILITY,0
63de1ea6-a593-49fb-8a73-4bd8ec6a5b63,2184,2026-02-14 17:20:30.533516,2401,DEBIT,NETBANKING,GROCERY,0
c8f3e020-79da-476d-a99e-0fde1679974f,2545,2026-02-14 17:20:32.431100,11939,DEBIT,AUTODEBIT,EMI,0
98a43bdc-fc11-498c-a72f-29dc0c48dbf0,3231,2026-02-14 17:20:33.284201,4181,DEBIT,AUTODEBIT,EMI,0
926e039b-af95-4a44-a309-8a24ad4006ab,2462,2026-02-14 17:20:34.788959,1611,CREDIT,AUTODEBIT,UTILITY,0
5cd0016d-1e14-4732-af7e-a25b6140c589,4251,2026-02-14 17:20:36.515644,1537,CREDIT,ATM,TRAVEL,0
03071805-4fdf-4518-836c-a971b577546f,457,2026-02-14 17:20:38.448468,538,DEBIT,POS,GROCERY,0
0e85ccba-70bd-4a4d-988a-91e6961bfb93,3073,2026-02-14 17:20:39.859618,1189,DEBIT,ATM,TRAVEL,0
8776590b-8368-4ed1-ac58-5539a3f2a709,4395,2026-02-14 17:20:40.761222,966,DEBIT,UPI,SHOPPING,0
4b1c7ebc-a775-4b95-b8f3-5900aed42316,3726,2026-02-14 17:20:41.800633,3432,CREDIT,POS,UTILITY,0
ef7baa37-cc8f-428a-aa08-472c6bc0a525,3918,2026-02-14 17:20:43.762005,3664,DEBIT,NETBANKING,UTILITY,0
a06b3dac-d577-4ad6-b058-eaf5fd0d6262,2820,2026-02-14 17:20:45.440724,2969,DEBIT,ATM,FOOD,0
e23d493e-cb86-41ac-9a58-c38bb99a5737,210,2026-02-14 17:20:47.308885,3837,DEBIT,NETBANKING,SHOPPING,0
ea4b6249-0536-42c9-a58d-ec6555132692,4630,2026-02-14 17:20:49.008062,2697,DEBIT,AUTODEBIT,LOANAPP,0
c3de6def-2b42-41e4-bc49-5c9adca89400,2791,2026-02-14 17:20:50.853538,882,DEBIT,NETBANKING,GROCERY,0
77aa27e3-9d56-45f0-9f7a-252c33ca99bb,2747,2026-02-14 17:20:51.932813,3891,CREDIT,POS,SHOPPING,0
ef58d2a3-f695-4e02-9bfc-d69690c2b8b4,4818,2026-02-14 17:20:53.926610,935,CREDIT,NETBANKING,SHOPPING,0
742486ad-a99b-481e-b2e8-859f29eee442,2867,2026-02-14 17:20:55.698116,1548,DEBIT,AUTODEBIT,GROCERY,0
cbb5a27b-1b1c-4c64-a878-578588dcd042,2679,2026-02-14 17:20:56.436862,1329,CREDIT,NETBANKING,SHOPPING,0
ff4d5485-21d1-4b5b-bc8a-ef95f055b008,4096,2026-02-14 17:20:58.135835,3605,CREDIT,UPI,LOANAPP,0
37998d41-75a1-4dfb-9773-9665b74fa330,1038,2026-02-14 17:20:58.767960,3442,CREDIT,POS,TRAVEL,0
0a58f1d5-393f-4d37-8a5c-bb9964aacc4b,694,2026-02-14 17:21:00.188831,915,DEBIT,NETBANKING,TRAVEL,0
ed10f391-db57-4828-bd87-a8e4c51bd7e0,2023,2026-02-14 17:21:00.928925,489,CREDIT,UPI,SHOPPING,0
befe94fe-e54c-4dcc-bead-10c58c57d6d8,1207,2026-02-14 17:21:01.639691,1470,DEBIT,ATM,SHOPPING,0
e0394218-6ca4-4d11-bedc-8011ea13fd11,4474,2026-02-14 17:21:02.618804,3231,DEBIT,AUTODEBIT,EMI,0
c5cda0fa-d3f6-46b0-9708-88f558624d36,4529,2026-02-14 17:21:04.558452,2318,DEBIT,NETBANKING,TRAVEL,0
36361d81-00e0-47be-a3ec-7936cd6ddfc6,2456,2026-02-14 17:21:05.722864,110947,CREDIT,BANK_TRANSFER,SALARY,1
d4c2c816-12c7-401d-9e1f-7f68bd4796f8,1894,2026-02-14 17:21:07.451867,2521,CREDIT,NETBANKING,SHOPPING,0
0a477515-96a8-48c5-88b2-ea2b5e0bb8dc,2408,2026-02-14 17:21:08.233199,1469,CREDIT,ATM,FOOD,0
1576e678-c516-46c1-af40-bbc773e86d63,3222,2026-02-14 17:21:09.868356,2973,DEBIT,ATM,LOANAPP,0
fd53dac3-ea5f-44dd-b631-fb201e513408,745,2026-02-14 17:21:10.981856,2371,CREDIT,UPI,LOANAPP,0
5e33095e-2c41-4c0a-8c61-ea86b1f8e853,4107,2026-02-14 17:21:12.184273,727,DEBIT,UPI,LOANAPP,0
7f696011-9ba1-426f-8aca-835484004ad5,394,2026-02-14 17:21:13.602611,1657,CREDIT,AUTODEBIT,SHOPPING,0
1bbf5824-b52e-4945-9444-622c676dc7ad,4100,2026-02-14 17:21:15.124818,71617,CREDIT,BANK_TRANSFER,SALARY,1
0ddfacc3-237f-4766-bf5d-57b8794cf6aa,310,2026-02-14 17:21:16.302394,1401,DEBIT,AUTODEBIT,EMI,0
e33be255-6d89-496f-861b-ded5c708077c,3342,2026-02-14 17:21:17.420547,34177,CREDIT,BANK_TRANSFER,SALARY,1
46084481-a5b7-4cad-a151-987a5caee1ae,4299,2026-02-14 17:21:18.163098,2718,CREDIT,POS,TRAVEL,0
77d7b135-f25a-432d-8e83-61f68302b9c5,1349,2026-02-14 17:21:19.696375,1238,DEBIT,UPI,GROCERY,0
68ed525a-6b75-4cfd-9677-326b45a23ad2,3459,2026-02-14 17:21:20.501842,1692,CREDIT,NETBANKING,TRAVEL,0
c5cb1c49-e0d5-4b2b-94d2-fc45ab5b3cb3,212,2026-02-14 17:21:22.391134,3277,CREDIT,ATM,LOANAPP,0
0937371e-e711-49d2-bf28-d34e92478270,2614,2026-02-14 17:21:24.031473,1936,DEBIT,AUTODEBIT,UTILITY,0
4c513f2d-5a30-45a3-8d83-2d742e3d5e79,1693,2026-02-14 17:21:25.358885,628,CREDIT,AUTODEBIT,FOOD,0
25399f7d-c78d-422d-b286-bfba81b6f33a,1188,2026-02-14 17:21:27.047114,3469,CREDIT,ATM,GROCERY,0
9731d399-6179-4c5d-b7d9-21b88ba252c8,4070,2026-02-14 17:21:27.592545,2548,DEBIT,AUTODEBIT,TRAVEL,0
5ea69d5c-264c-483f-972e-86ba30198138,853,2026-02-14 17:21:28.425412,3506,DEBIT,NETBANKING,FOOD,0
